"date","transaction_history_id","client_id","status","pricepoint_id","mno_delivery_code","total_charged","created_at"
"2025-10-01","2970865","204480","TIMWE_RENEWED_NOTIF","63980","DELIVERED","3000","2025-10-01 00:11:10"
"2025-10-01","2970865","204480","TIMWE_RENEWED_NOTIF","63980","DELIVERED","3000","2025-10-01 00:11:10"
"2025-10-01","2970867","225334","TIMWE_RENEWED_NOTIF","63980","DELIVERED","3000","2025-10-01 00:11:12"
"2025-10-01","2970867","225334","TIMWE_RENEWED_NOTIF","63980","DELIVERED","3000","2025-10-01 00:11:12"
"2025-10-01","2970867","225334","TIMWE_RENEWED_NOTIF","63980","DELIVERED","3000","2025-10-01 00:11:12"
"2025-10-01","2970867","225334","TIMWE_RENEWED_NOTIF","63980","DELIVERED","3000","2025-10-01 00:11:12"
"2025-10-01","2970867","225334","TIMWE_RENEWED_NOTIF","63980","DELIVERED","3000","2025-10-01 00:11:12"
"2025-10-01","2971109","109386","TIMWE_RENEWED_NOTIF","63980","DELIVERED","3000","2025-10-01 05:04:41"
"2025-10-01","2971109","109386","TIMWE_RENEWED_NOTIF","63980","DELIVERED","3000","2025-10-01 05:04:41"
"2025-10-01","2971109","109386","TIMWE_RENEWED_NOTIF","63980","DELIVERED","3000","2025-10-01 05:04:41"
"2025-10-01","2971109","109386","TIMWE_RENEWED_NOTIF","63980","DELIVERED","3000","2025-10-01 05:04:41"
"2025-10-01","2971109","109386","TIMWE_RENEWED_NOTIF","63980","DELIVERED","3000","2025-10-01 05:04:41"
"2025-10-01","2971109","109386","TIMWE_RENEWED_NOTIF","63980","DELIVERED","3000","2025-10-01 05:04:41"
"2025-10-01","2971109","109386","TIMWE_RENEWED_NOTIF","63980","DELIVERED","3000","2025-10-01 05:04:41"
"2025-10-01","2971109","109386","TIMWE_RENEWED_NOTIF","63980","DELIVERED","3000","2025-10-01 05:04:41"
"2025-10-01","2971109","109386","TIMWE_RENEWED_NOTIF","63980","DELIVERED","3000","2025-10-01 05:04:41"
"2025-10-01","2971109","109386","TIMWE_RENEWED_NOTIF","63980","DELIVERED","3000","2025-10-01 05:04:41"
"2025-10-01","2971109","109386","TIMWE_RENEWED_NOTIF","63980","DELIVERED","3000","2025-10-01 05:04:41"
"2025-10-01","2971109","109386","TIMWE_RENEWED_NOTIF","63980","DELIVERED","3000","2025-10-01 05:04:41"
"2025-10-01","2971109","109386","TIMWE_RENEWED_NOTIF","63980","DELIVERED","3000","2025-10-01 05:04:41"
"2025-10-01","2971109","109386","TIMWE_RENEWED_NOTIF","63980","DELIVERED","3000","2025-10-01 05:04:41"
"2025-10-01","2971111","212972","TIMWE_RENEWED_NOTIF","63980","DELIVERED","3000","2025-10-01 05:05:08"
"2025-10-01","2971111","212972","TIMWE_RENEWED_NOTIF","63980","DELIVERED","3000","2025-10-01 05:05:08"
"2025-10-01","2971113","170559","TIMWE_RENEWED_NOTIF","63980","DELIVERED","3000","2025-10-01 05:05:14"
"2025-10-01","2971113","170559","TIMWE_RENEWED_NOTIF","63980","DELIVERED","3000","2025-10-01 05:05:14"
"2025-10-01","2971113","170559","TIMWE_RENEWED_NOTIF","63980","DELIVERED","3000","2025-10-01 05:05:14"
"2025-10-01","2971113","170559","TIMWE_RENEWED_NOTIF","63980","DELIVERED","3000","2025-10-01 05:05:14"
"2025-10-01","2971113","170559","TIMWE_RENEWED_NOTIF","63980","DELIVERED","3000","2025-10-01 05:05:14"
"2025-10-01","2971113","170559","TIMWE_RENEWED_NOTIF","63980","DELIVERED","3000","2025-10-01 05:05:14"
"2025-10-01","2971113","170559","TIMWE_RENEWED_NOTIF","63980","DELIVERED","3000","2025-10-01 05:05:14"
"2025-10-01","2971113","170559","TIMWE_RENEWED_NOTIF","63980","DELIVERED","3000","2025-10-01 05:05:14"
"2025-10-01","2971113","170559","TIMWE_RENEWED_NOTIF","63980","DELIVERED","3000","2025-10-01 05:05:14"
"2025-10-01","2971115","205652","TIMWE_RENEWED_NOTIF","63980","DELIVERED","3000","2025-10-01 05:05:15"
"2025-10-01","2971115","205652","TIMWE_RENEWED_NOTIF","63980","DELIVERED","3000","2025-10-01 05:05:15"
"2025-10-01","2971117","155624","TIMWE_RENEWED_NOTIF","63980","DELIVERED","3000","2025-10-01 05:05:17"
"2025-10-01","2971117","155624","TIMWE_RENEWED_NOTIF","63980","DELIVERED","3000","2025-10-01 05:05:17"
"2025-10-01","2971117","155624","TIMWE_RENEWED_NOTIF","63980","DELIVERED","3000","2025-10-01 05:05:17"
"2025-10-01","2971117","155624","TIMWE_RENEWED_NOTIF","63980","DELIVERED","3000","2025-10-01 05:05:17"
"2025-10-01","2971117","155624","TIMWE_RENEWED_NOTIF","63980","DELIVERED","3000","2025-10-01 05:05:17"
"2025-10-01","2971117","155624","TIMWE_RENEWED_NOTIF","63980","DELIVERED","3000","2025-10-01 05:05:17"
"2025-10-01","2971117","155624","TIMWE_RENEWED_NOTIF","63980","DELIVERED","3000","2025-10-01 05:05:17"
"2025-10-01","2971117","155624","TIMWE_RENEWED_NOTIF","63980","DELIVERED","3000","2025-10-01 05:05:17"
"2025-10-01","2971117","155624","TIMWE_RENEWED_NOTIF","63980","DELIVERED","3000","2025-10-01 05:05:17"
"2025-10-01","2971119","171576","TIMWE_RENEWED_NOTIF","63980","DELIVERED","3000","2025-10-01 05:05:28"
"2025-10-01","2971119","171576","TIMWE_RENEWED_NOTIF","63980","DELIVERED","3000","2025-10-01 05:05:28"
"2025-10-01","2971119","171576","TIMWE_RENEWED_NOTIF","63980","DELIVERED","3000","2025-10-01 05:05:28"
"2025-10-01","2971119","171576","TIMWE_RENEWED_NOTIF","63980","DELIVERED","3000","2025-10-01 05:05:28"
"2025-10-01","2971119","171576","TIMWE_RENEWED_NOTIF","63980","DELIVERED","3000","2025-10-01 05:05:28"
"2025-10-01","2971119","171576","TIMWE_RENEWED_NOTIF","63980","DELIVERED","3000","2025-10-01 05:05:28"
"2025-10-01","2971119","171576","TIMWE_RENEWED_NOTIF","63980","DELIVERED","3000","2025-10-01 05:05:28"
"2025-10-01","2971119","171576","TIMWE_RENEWED_NOTIF","63980","DELIVERED","3000","2025-10-01 05:05:28"
"2025-10-01","2971121","212937","TIMWE_RENEWED_NOTIF","63980","DELIVERED","3000","2025-10-01 05:05:33"
"2025-10-01","2971121","212937","TIMWE_RENEWED_NOTIF","63980","DELIVERED","3000","2025-10-01 05:05:33"
"2025-10-01","2971121","212937","TIMWE_RENEWED_NOTIF","63980","DELIVERED","3000","2025-10-01 05:05:33"
"2025-10-01","2971121","212937","TIMWE_RENEWED_NOTIF","63980","DELIVERED","3000","2025-10-01 05:05:33"
"2025-10-01","2971121","212937","TIMWE_RENEWED_NOTIF","63980","DELIVERED","3000","2025-10-01 05:05:33"
"2025-10-01","2971123","155674","TIMWE_RENEWED_NOTIF","63980","DELIVERED","3000","2025-10-01 05:05:50"
"2025-10-01","2971123","155674","TIMWE_RENEWED_NOTIF","63980","DELIVERED","3000","2025-10-01 05:05:50"
"2025-10-01","2971123","155674","TIMWE_RENEWED_NOTIF","63980","DELIVERED","3000","2025-10-01 05:05:50"
"2025-10-01","2971123","155674","TIMWE_RENEWED_NOTIF","63980","DELIVERED","3000","2025-10-01 05:05:50"
"2025-10-01","2971123","155674","TIMWE_RENEWED_NOTIF","63980","DELIVERED","3000","2025-10-01 05:05:50"
"2025-10-01","2971123","155674","TIMWE_RENEWED_NOTIF","63980","DELIVERED","3000","2025-10-01 05:05:50"
"2025-10-01","2971123","155674","TIMWE_RENEWED_NOTIF","63980","DELIVERED","3000","2025-10-01 05:05:50"
"2025-10-01","2971125","166588","TIMWE_RENEWED_NOTIF","63980","DELIVERED","3000","2025-10-01 05:06:00"
"2025-10-01","2971125","166588","TIMWE_RENEWED_NOTIF","63980","DELIVERED","3000","2025-10-01 05:06:00"
"2025-10-01","2971125","166588","TIMWE_RENEWED_NOTIF","63980","DELIVERED","3000","2025-10-01 05:06:00"
"2025-10-01","2971125","166588","TIMWE_RENEWED_NOTIF","63980","DELIVERED","3000","2025-10-01 05:06:00"
"2025-10-01","2971125","166588","TIMWE_RENEWED_NOTIF","63980","DELIVERED","3000","2025-10-01 05:06:00"
"2025-10-01","2971125","166588","TIMWE_RENEWED_NOTIF","63980","DELIVERED","3000","2025-10-01 05:06:00"
"2025-10-01","2971125","166588","TIMWE_RENEWED_NOTIF","63980","DELIVERED","3000","2025-10-01 05:06:00"
"2025-10-01","2971125","166588","TIMWE_RENEWED_NOTIF","63980","DELIVERED","3000","2025-10-01 05:06:00"
"2025-10-01","2971125","166588","TIMWE_RENEWED_NOTIF","63980","DELIVERED","3000","2025-10-01 05:06:00"
"2025-10-01","2971127","179520","TIMWE_RENEWED_NOTIF","63980","DELIVERED","3000","2025-10-01 05:06:11"
"2025-10-01","2971127","179520","TIMWE_RENEWED_NOTIF","63980","DELIVERED","3000","2025-10-01 05:06:11"
"2025-10-01","2971127","179520","TIMWE_RENEWED_NOTIF","63980","DELIVERED","3000","2025-10-01 05:06:11"
"2025-10-01","2971127","179520","TIMWE_RENEWED_NOTIF","63980","DELIVERED","3000","2025-10-01 05:06:11"
"2025-10-01","2971129","170507","TIMWE_RENEWED_NOTIF","63980","DELIVERED","3000","2025-10-01 05:06:12"
"2025-10-01","2971129","170507","TIMWE_RENEWED_NOTIF","63980","DELIVERED","3000","2025-10-01 05:06:12"
"2025-10-01","2971129","170507","TIMWE_RENEWED_NOTIF","63980","DELIVERED","3000","2025-10-01 05:06:12"
"2025-10-01","2971129","170507","TIMWE_RENEWED_NOTIF","63980","DELIVERED","3000","2025-10-01 05:06:12"
"2025-10-01","2971129","170507","TIMWE_RENEWED_NOTIF","63980","DELIVERED","3000","2025-10-01 05:06:12"
"2025-10-01","2971129","170507","TIMWE_RENEWED_NOTIF","63980","DELIVERED","3000","2025-10-01 05:06:12"
"2025-10-01","2971129","170507","TIMWE_RENEWED_NOTIF","63980","DELIVERED","3000","2025-10-01 05:06:12"
"2025-10-01","2971129","170507","TIMWE_RENEWED_NOTIF","63980","DELIVERED","3000","2025-10-01 05:06:12"
"2025-10-01","2971131","175534","TIMWE_RENEWED_NOTIF","63980","DELIVERED","3000","2025-10-01 05:06:23"
"2025-10-01","2971131","175534","TIMWE_RENEWED_NOTIF","63980","DELIVERED","3000","2025-10-01 05:06:23"
"2025-10-01","2971131","175534","TIMWE_RENEWED_NOTIF","63980","DELIVERED","3000","2025-10-01 05:06:23"
"2025-10-01","2971131","175534","TIMWE_RENEWED_NOTIF","63980","DELIVERED","3000","2025-10-01 05:06:23"
"2025-10-01","2971131","175534","TIMWE_RENEWED_NOTIF","63980","DELIVERED","3000","2025-10-01 05:06:23"
"2025-10-01","2971131","175534","TIMWE_RENEWED_NOTIF","63980","DELIVERED","3000","2025-10-01 05:06:23"
"2025-10-01","2971131","175534","TIMWE_RENEWED_NOTIF","63980","DELIVERED","3000","2025-10-01 05:06:23"
"2025-10-01","2971133","184930","TIMWE_RENEWED_NOTIF","63980","DELIVERED","3000","2025-10-01 05:06:53"
"2025-10-01","2971133","184930","TIMWE_RENEWED_NOTIF","63980","DELIVERED","3000","2025-10-01 05:06:53"
"2025-10-01","2971133","184930","TIMWE_RENEWED_NOTIF","63980","DELIVERED","3000","2025-10-01 05:06:53"
"2025-10-01","2971133","184930","TIMWE_RENEWED_NOTIF","63980","DELIVERED","3000","2025-10-01 05:06:53"
"2025-10-01","2971133","184930","TIMWE_RENEWED_NOTIF","63980","DELIVERED","3000","2025-10-01 05:06:53"
"2025-10-01","2971133","184930","TIMWE_RENEWED_NOTIF","63980","DELIVERED","3000","2025-10-01 05:06:53"
"2025-10-01","2971135","172128","TIMWE_RENEWED_NOTIF","63980","DELIVERED","3000","2025-10-01 05:06:59"
"2025-10-01","2971135","172128","TIMWE_RENEWED_NOTIF","63980","DELIVERED","3000","2025-10-01 05:06:59"
"2025-10-01","2971135","172128","TIMWE_RENEWED_NOTIF","63980","DELIVERED","3000","2025-10-01 05:06:59"
"2025-10-01","2971135","172128","TIMWE_RENEWED_NOTIF","63980","DELIVERED","3000","2025-10-01 05:06:59"
"2025-10-01","2971135","172128","TIMWE_RENEWED_NOTIF","63980","DELIVERED","3000","2025-10-01 05:06:59"
"2025-10-01","2971135","172128","TIMWE_RENEWED_NOTIF","63980","DELIVERED","3000","2025-10-01 05:06:59"
"2025-10-01","2971135","172128","TIMWE_RENEWED_NOTIF","63980","DELIVERED","3000","2025-10-01 05:06:59"
"2025-10-01","2971135","172128","TIMWE_RENEWED_NOTIF","63980","DELIVERED","3000","2025-10-01 05:06:59"
"2025-10-01","2971137","207339","TIMWE_RENEWED_NOTIF","63980","DELIVERED","3000","2025-10-01 05:07:15"
"2025-10-01","2971137","207339","TIMWE_RENEWED_NOTIF","63980","DELIVERED","3000","2025-10-01 05:07:15"
"2025-10-01","2971137","207339","TIMWE_RENEWED_NOTIF","63980","DELIVERED","3000","2025-10-01 05:07:15"
"2025-10-01","2971139","209009","TIMWE_RENEWED_NOTIF","63980","DELIVERED","3000","2025-10-01 05:08:18"
"2025-10-01","2971139","209009","TIMWE_RENEWED_NOTIF","63980","DELIVERED","3000","2025-10-01 05:08:18"
"2025-10-01","2971141","211789","TIMWE_RENEWED_NOTIF","63980","DELIVERED","3000","2025-10-01 05:08:37"
"2025-10-01","2971141","211789","TIMWE_RENEWED_NOTIF","63980","DELIVERED","3000","2025-10-01 05:08:37"
"2025-10-01","2971143","213444","TIMWE_RENEWED_NOTIF","63980","DELIVERED","3000","2025-10-01 05:09:34"
"2025-10-01","2971143","213444","TIMWE_RENEWED_NOTIF","63980","DELIVERED","3000","2025-10-01 05:09:34"
"2025-10-01","2971145","207287","TIMWE_RENEWED_NOTIF","63980","DELIVERED","3000","2025-10-01 05:09:48"
"2025-10-01","2971145","207287","TIMWE_RENEWED_NOTIF","63980","DELIVERED","3000","2025-10-01 05:09:48"
"2025-10-01","2971145","207287","TIMWE_RENEWED_NOTIF","63980","DELIVERED","3000","2025-10-01 05:09:48"
"2025-10-01","2971145","207287","TIMWE_RENEWED_NOTIF","63980","DELIVERED","3000","2025-10-01 05:09:48"
"2025-10-01","2971147","154911","TIMWE_RENEWED_NOTIF","63980","DELIVERED","3000","2025-10-01 05:10:22"
"2025-10-01","2971147","154911","TIMWE_RENEWED_NOTIF","63980","DELIVERED","3000","2025-10-01 05:10:22"
"2025-10-01","2971147","154911","TIMWE_RENEWED_NOTIF","63980","DELIVERED","3000","2025-10-01 05:10:22"
"2025-10-01","2971147","154911","TIMWE_RENEWED_NOTIF","63980","DELIVERED","3000","2025-10-01 05:10:22"
"2025-10-01","2971147","154911","TIMWE_RENEWED_NOTIF","63980","DELIVERED","3000","2025-10-01 05:10:22"
"2025-10-01","2971147","154911","TIMWE_RENEWED_NOTIF","63980","DELIVERED","3000","2025-10-01 05:10:22"
"2025-10-01","2971147","154911","TIMWE_RENEWED_NOTIF","63980","DELIVERED","3000","2025-10-01 05:10:22"
"2025-10-01","2971147","154911","TIMWE_RENEWED_NOTIF","63980","DELIVERED","3000","2025-10-01 05:10:22"
"2025-10-01","2971147","154911","TIMWE_RENEWED_NOTIF","63980","DELIVERED","3000","2025-10-01 05:10:22"
"2025-10-01","2971149","166531","TIMWE_RENEWED_NOTIF","63980","DELIVERED","3000","2025-10-01 05:10:54"
"2025-10-01","2971149","166531","TIMWE_RENEWED_NOTIF","63980","DELIVERED","3000","2025-10-01 05:10:54"
"2025-10-01","2971149","166531","TIMWE_RENEWED_NOTIF","63980","DELIVERED","3000","2025-10-01 05:10:54"
"2025-10-01","2971149","166531","TIMWE_RENEWED_NOTIF","63980","DELIVERED","3000","2025-10-01 05:10:54"
"2025-10-01","2971149","166531","TIMWE_RENEWED_NOTIF","63980","DELIVERED","3000","2025-10-01 05:10:54"
"2025-10-01","2971149","166531","TIMWE_RENEWED_NOTIF","63980","DELIVERED","3000","2025-10-01 05:10:54"
"2025-10-01","2971149","166531","TIMWE_RENEWED_NOTIF","63980","DELIVERED","3000","2025-10-01 05:10:54"
"2025-10-01","2971149","166531","TIMWE_RENEWED_NOTIF","63980","DELIVERED","3000","2025-10-01 05:10:54"
"2025-10-01","2971149","166531","TIMWE_RENEWED_NOTIF","63980","DELIVERED","3000","2025-10-01 05:10:54"
"2025-10-01","2971149","166531","TIMWE_RENEWED_NOTIF","63980","DELIVERED","3000","2025-10-01 05:10:54"
"2025-10-01","2971149","166531","TIMWE_RENEWED_NOTIF","63980","DELIVERED","3000","2025-10-01 05:10:54"
"2025-10-01","2971151","170448","TIMWE_RENEWED_NOTIF","63980","DELIVERED","3000","2025-10-01 05:10:57"
"2025-10-01","2971151","170448","TIMWE_RENEWED_NOTIF","63980","DELIVERED","3000","2025-10-01 05:10:57"
"2025-10-01","2971151","170448","TIMWE_RENEWED_NOTIF","63980","DELIVERED","3000","2025-10-01 05:10:57"
"2025-10-01","2971151","170448","TIMWE_RENEWED_NOTIF","63980","DELIVERED","3000","2025-10-01 05:10:57"
"2025-10-01","2971151","170448","TIMWE_RENEWED_NOTIF","63980","DELIVERED","3000","2025-10-01 05:10:57"
"2025-10-01","2971151","170448","TIMWE_RENEWED_NOTIF","63980","DELIVERED","3000","2025-10-01 05:10:57"
"2025-10-01","2971153","203039","TIMWE_RENEWED_NOTIF","63980","DELIVERED","3000","2025-10-01 05:11:01"
"2025-10-01","2971153","203039","TIMWE_RENEWED_NOTIF","63980","DELIVERED","3000","2025-10-01 05:11:01"
"2025-10-01","2971157","185721","TIMWE_RENEWED_NOTIF","63980","DELIVERED","3000","2025-10-01 05:11:19"
"2025-10-01","2971157","185721","TIMWE_RENEWED_NOTIF","63980","DELIVERED","3000","2025-10-01 05:11:19"
"2025-10-01","2971157","185721","TIMWE_RENEWED_NOTIF","63980","DELIVERED","3000","2025-10-01 05:11:19"
"2025-10-01","2971159","216321","TIMWE_RENEWED_NOTIF","63980","DELIVERED","3000","2025-10-01 05:11:34"
"2025-10-01","2971159","216321","TIMWE_RENEWED_NOTIF","63980","DELIVERED","3000","2025-10-01 05:11:34"
"2025-10-01","2971159","216321","TIMWE_RENEWED_NOTIF","63980","DELIVERED","3000","2025-10-01 05:11:34"
"2025-10-01","2971159","216321","TIMWE_RENEWED_NOTIF","63980","DELIVERED","3000","2025-10-01 05:11:34"
"2025-10-01","2971159","216321","TIMWE_RENEWED_NOTIF","63980","DELIVERED","3000","2025-10-01 05:11:34"
"2025-10-01","2971161","209121","TIMWE_RENEWED_NOTIF","63980","DELIVERED","3000","2025-10-01 05:11:38"
"2025-10-01","2971161","209121","TIMWE_RENEWED_NOTIF","63980","DELIVERED","3000","2025-10-01 05:11:38"
"2025-10-01","2971163","205814","TIMWE_RENEWED_NOTIF","63980","DELIVERED","3000","2025-10-01 05:12:06"
"2025-10-01","2971163","205814","TIMWE_RENEWED_NOTIF","63980","DELIVERED","3000","2025-10-01 05:12:06"
"2025-10-01","2971165","207802","TIMWE_RENEWED_NOTIF","63980","DELIVERED","3000","2025-10-01 05:12:10"
"2025-10-01","2971165","207802","TIMWE_RENEWED_NOTIF","63980","DELIVERED","3000","2025-10-01 05:12:10"
"2025-10-01","2971165","207802","TIMWE_RENEWED_NOTIF","63980","DELIVERED","3000","2025-10-01 05:12:10"
"2025-10-01","2971167","210618","TIMWE_RENEWED_NOTIF","63980","DELIVERED","3000","2025-10-01 05:12:22"
"2025-10-01","2971167","210618","TIMWE_RENEWED_NOTIF","63980","DELIVERED","3000","2025-10-01 05:12:22"
"2025-10-01","2971167","210618","TIMWE_RENEWED_NOTIF","63980","DELIVERED","3000","2025-10-01 05:12:22"
"2025-10-01","2971169","170065","TIMWE_RENEWED_NOTIF","63980","DELIVERED","3000","2025-10-01 05:12:28"
"2025-10-01","2971169","170065","TIMWE_RENEWED_NOTIF","63980","DELIVERED","3000","2025-10-01 05:12:28"
"2025-10-01","2971169","170065","TIMWE_RENEWED_NOTIF","63980","DELIVERED","3000","2025-10-01 05:12:28"
"2025-10-01","2971169","170065","TIMWE_RENEWED_NOTIF","63980","DELIVERED","3000","2025-10-01 05:12:28"
"2025-10-01","2971169","170065","TIMWE_RENEWED_NOTIF","63980","DELIVERED","3000","2025-10-01 05:12:28"
"2025-10-01","2971169","170065","TIMWE_RENEWED_NOTIF","63980","DELIVERED","3000","2025-10-01 05:12:28"
"2025-10-01","2971169","170065","TIMWE_RENEWED_NOTIF","63980","DELIVERED","3000","2025-10-01 05:12:28"
"2025-10-01","2971169","170065","TIMWE_RENEWED_NOTIF","63980","DELIVERED","3000","2025-10-01 05:12:28"
"2025-10-01","2971169","170065","TIMWE_RENEWED_NOTIF","63980","DELIVERED","3000","2025-10-01 05:12:28"
"2025-10-01","2971171","170519","TIMWE_RENEWED_NOTIF","63980","DELIVERED","3000","2025-10-01 05:12:42"
"2025-10-01","2971171","170519","TIMWE_RENEWED_NOTIF","63980","DELIVERED","3000","2025-10-01 05:12:42"
"2025-10-01","2971171","170519","TIMWE_RENEWED_NOTIF","63980","DELIVERED","3000","2025-10-01 05:12:42"
"2025-10-01","2971171","170519","TIMWE_RENEWED_NOTIF","63980","DELIVERED","3000","2025-10-01 05:12:42"
"2025-10-01","2971171","170519","TIMWE_RENEWED_NOTIF","63980","DELIVERED","3000","2025-10-01 05:12:42"
"2025-10-01","2971171","170519","TIMWE_RENEWED_NOTIF","63980","DELIVERED","3000","2025-10-01 05:12:42"
"2025-10-01","2971171","170519","TIMWE_RENEWED_NOTIF","63980","DELIVERED","3000","2025-10-01 05:12:42"
"2025-10-01","2971171","170519","TIMWE_RENEWED_NOTIF","63980","DELIVERED","3000","2025-10-01 05:12:42"
"2025-10-01","2971171","170519","TIMWE_RENEWED_NOTIF","63980","DELIVERED","3000","2025-10-01 05:12:42"
"2025-10-01","2971173","214930","TIMWE_RENEWED_NOTIF","63980","DELIVERED","3000","2025-10-01 05:12:44"
"2025-10-01","2971173","214930","TIMWE_RENEWED_NOTIF","63980","DELIVERED","3000","2025-10-01 05:12:44"
"2025-10-01","2971176","214877","TIMWE_RENEWED_NOTIF","63980","DELIVERED","3000","2025-10-01 05:13:25"
"2025-10-01","2971176","214877","TIMWE_RENEWED_NOTIF","63980","DELIVERED","3000","2025-10-01 05:13:25"
"2025-10-01","2971176","214877","TIMWE_RENEWED_NOTIF","63980","DELIVERED","3000","2025-10-01 05:13:25"
"2025-10-01","2971178","212325","TIMWE_RENEWED_NOTIF","63980","DELIVERED","3000","2025-10-01 05:13:46"
"2025-10-01","2971178","212325","TIMWE_RENEWED_NOTIF","63980","DELIVERED","3000","2025-10-01 05:13:46"
"2025-10-01","2971178","212325","TIMWE_RENEWED_NOTIF","63980","DELIVERED","3000","2025-10-01 05:13:46"
"2025-10-01","2971180","203337","TIMWE_RENEWED_NOTIF","63980","DELIVERED","3000","2025-10-01 05:13:48"
"2025-10-01","2971180","203337","TIMWE_RENEWED_NOTIF","63980","DELIVERED","3000","2025-10-01 05:13:48"
"2025-10-01","2971182","216471","TIMWE_RENEWED_NOTIF","63980","DELIVERED","3000","2025-10-01 05:14:07"
"2025-10-01","2971182","216471","TIMWE_RENEWED_NOTIF","63980","DELIVERED","3000","2025-10-01 05:14:07"
"2025-10-01","2971184","212516","TIMWE_RENEWED_NOTIF","63980","DELIVERED","3000","2025-10-01 05:14:43"
"2025-10-01","2971184","212516","TIMWE_RENEWED_NOTIF","63980","DELIVERED","3000","2025-10-01 05:14:43"
"2025-10-01","2971186","215156","TIMWE_RENEWED_NOTIF","63980","DELIVERED","3000","2025-10-01 05:14:48"
"2025-10-01","2971186","215156","TIMWE_RENEWED_NOTIF","63980","DELIVERED","3000","2025-10-01 05:14:48"
"2025-10-01","2971186","215156","TIMWE_RENEWED_NOTIF","63980","DELIVERED","3000","2025-10-01 05:14:48"
"2025-10-01","2971186","215156","TIMWE_RENEWED_NOTIF","63980","DELIVERED","3000","2025-10-01 05:14:48"
"2025-10-01","2971186","215156","TIMWE_RENEWED_NOTIF","63980","DELIVERED","3000","2025-10-01 05:14:48"
"2025-10-01","2971189","210140","TIMWE_RENEWED_NOTIF","63980","DELIVERED","3000","2025-10-01 05:15:17"
"2025-10-01","2971189","210140","TIMWE_RENEWED_NOTIF","63980","DELIVERED","3000","2025-10-01 05:15:17"
"2025-10-01","2971190","205132","TIMWE_RENEWED_NOTIF","63980","DELIVERED","3000","2025-10-01 05:15:17"
"2025-10-01","2971190","205132","TIMWE_RENEWED_NOTIF","63980","DELIVERED","3000","2025-10-01 05:15:17"
"2025-10-01","2971190","205132","TIMWE_RENEWED_NOTIF","63980","DELIVERED","3000","2025-10-01 05:15:17"
"2025-10-01","2971190","205132","TIMWE_RENEWED_NOTIF","63980","DELIVERED","3000","2025-10-01 05:15:17"
"2025-10-01","2971190","205132","TIMWE_RENEWED_NOTIF","63980","DELIVERED","3000","2025-10-01 05:15:17"
"2025-10-01","2971192","213959","TIMWE_RENEWED_NOTIF","63980","DELIVERED","3000","2025-10-01 05:15:38"
"2025-10-01","2971192","213959","TIMWE_RENEWED_NOTIF","63980","DELIVERED","3000","2025-10-01 05:15:38"
"2025-10-01","2971194","213870","TIMWE_RENEWED_NOTIF","63980","DELIVERED","3000","2025-10-01 05:15:54"
"2025-10-01","2971194","213870","TIMWE_RENEWED_NOTIF","63980","DELIVERED","3000","2025-10-01 05:15:54"
"2025-10-01","2971196","205053","TIMWE_RENEWED_NOTIF","63980","DELIVERED","3000","2025-10-01 05:15:58"
"2025-10-01","2971196","205053","TIMWE_RENEWED_NOTIF","63980","DELIVERED","3000","2025-10-01 05:15:58"
"2025-10-01","2971196","205053","TIMWE_RENEWED_NOTIF","63980","DELIVERED","3000","2025-10-01 05:15:58"
"2025-10-01","2971196","205053","TIMWE_RENEWED_NOTIF","63980","DELIVERED","3000","2025-10-01 05:15:58"
"2025-10-01","2971198","206639","TIMWE_RENEWED_NOTIF","63980","DELIVERED","3000","2025-10-01 05:16:08"
"2025-10-01","2971198","206639","TIMWE_RENEWED_NOTIF","63980","DELIVERED","3000","2025-10-01 05:16:08"
"2025-10-01","2971200","214948","TIMWE_RENEWED_NOTIF","63980","DELIVERED","3000","2025-10-01 05:16:14"
"2025-10-01","2971200","214948","TIMWE_RENEWED_NOTIF","63980","DELIVERED","3000","2025-10-01 05:16:14"
"2025-10-01","2971202","208341","TIMWE_RENEWED_NOTIF","63980","DELIVERED","3000","2025-10-01 05:16:59"
"2025-10-01","2971202","208341","TIMWE_RENEWED_NOTIF","63980","DELIVERED","3000","2025-10-01 05:16:59"
"2025-10-01","2971204","225134","TIMWE_RENEWED_NOTIF","63980","DELIVERED","3000","2025-10-01 05:17:31"
"2025-10-01","2971204","225134","TIMWE_RENEWED_NOTIF","63980","DELIVERED","3000","2025-10-01 05:17:31"
"2025-10-01","2971206","212829","TIMWE_RENEWED_NOTIF","63980","DELIVERED","3000","2025-10-01 05:17:59"
"2025-10-01","2971206","212829","TIMWE_RENEWED_NOTIF","63980","DELIVERED","3000","2025-10-01 05:17:59"
"2025-10-01","2971206","212829","TIMWE_RENEWED_NOTIF","63980","DELIVERED","3000","2025-10-01 05:17:59"
"2025-10-01","2971208","216966","TIMWE_RENEWED_NOTIF","63980","DELIVERED","3000","2025-10-01 05:18:35"
"2025-10-01","2971208","216966","TIMWE_RENEWED_NOTIF","63980","DELIVERED","3000","2025-10-01 05:18:35"
"2025-10-01","2971210","225761","TIMWE_RENEWED_NOTIF","63980","DELIVERED","3000","2025-10-01 05:18:40"
"2025-10-01","2971210","225761","TIMWE_RENEWED_NOTIF","63980","DELIVERED","3000","2025-10-01 05:18:40"
"2025-10-01","2971210","225761","TIMWE_RENEWED_NOTIF","63980","DELIVERED","3000","2025-10-01 05:18:40"
"2025-10-01","2971210","225761","TIMWE_RENEWED_NOTIF","63980","DELIVERED","3000","2025-10-01 05:18:40"
"2025-10-01","2971210","225761","TIMWE_RENEWED_NOTIF","63980","DELIVERED","3000","2025-10-01 05:18:40"
"2025-10-01","2971212","225616","TIMWE_RENEWED_NOTIF","63980","DELIVERED","3000","2025-10-01 05:19:19"
"2025-10-01","2971212","225616","TIMWE_RENEWED_NOTIF","63980","DELIVERED","3000","2025-10-01 05:19:19"
"2025-10-01","2971214","208516","TIMWE_RENEWED_NOTIF","63980","DELIVERED","3000","2025-10-01 05:19:38"
"2025-10-01","2971214","208516","TIMWE_RENEWED_NOTIF","63980","DELIVERED","3000","2025-10-01 05:19:38"
"2025-10-01","2971216","227483","TIMWE_RENEWED_NOTIF","63980","DELIVERED","3000","2025-10-01 05:19:44"
"2025-10-01","2971216","227483","TIMWE_RENEWED_NOTIF","63980","DELIVERED","3000","2025-10-01 05:19:44"
"2025-10-01","2971216","227483","TIMWE_RENEWED_NOTIF","63980","DELIVERED","3000","2025-10-01 05:19:44"
"2025-10-01","2971218","205357","TIMWE_RENEWED_NOTIF","63980","DELIVERED","3000","2025-10-01 05:19:51"
"2025-10-01","2971218","205357","TIMWE_RENEWED_NOTIF","63980","DELIVERED","3000","2025-10-01 05:19:51"
"2025-10-01","2971220","221645","TIMWE_RENEWED_NOTIF","63980","DELIVERED","3000","2025-10-01 05:20:43"
"2025-10-01","2971220","221645","TIMWE_RENEWED_NOTIF","63980","DELIVERED","3000","2025-10-01 05:20:43"
"2025-10-01","2971222","232911","TIMWE_RENEWED_NOTIF","63980","DELIVERED","3000","2025-10-01 05:20:52"
"2025-10-01","2971222","232911","TIMWE_RENEWED_NOTIF","63980","DELIVERED","3000","2025-10-01 05:20:52"
"2025-10-01","2971224","226014","TIMWE_RENEWED_NOTIF","63980","DELIVERED","3000","2025-10-01 05:21:21"
"2025-10-01","2971224","226014","TIMWE_RENEWED_NOTIF","63980","DELIVERED","3000","2025-10-01 05:21:21"
"2025-10-01","2971226","110855","TIMWE_RENEWED_NOTIF","63980","DELIVERED","3000","2025-10-01 05:21:42"
"2025-10-01","2971226","110855","TIMWE_RENEWED_NOTIF","63980","DELIVERED","3000","2025-10-01 05:21:42"
"2025-10-01","2971226","110855","TIMWE_RENEWED_NOTIF","63980","DELIVERED","3000","2025-10-01 05:21:42"
"2025-10-01","2971226","110855","TIMWE_RENEWED_NOTIF","63980","DELIVERED","3000","2025-10-01 05:21:42"
"2025-10-01","2971226","110855","TIMWE_RENEWED_NOTIF","63980","DELIVERED","3000","2025-10-01 05:21:42"
"2025-10-01","2971226","110855","TIMWE_RENEWED_NOTIF","63980","DELIVERED","3000","2025-10-01 05:21:42"
"2025-10-01","2971226","110855","TIMWE_RENEWED_NOTIF","63980","DELIVERED","3000","2025-10-01 05:21:42"
"2025-10-01","2971226","110855","TIMWE_RENEWED_NOTIF","63980","DELIVERED","3000","2025-10-01 05:21:42"
"2025-10-01","2971226","110855","TIMWE_RENEWED_NOTIF","63980","DELIVERED","3000","2025-10-01 05:21:42"
"2025-10-01","2971226","110855","TIMWE_RENEWED_NOTIF","63980","DELIVERED","3000","2025-10-01 05:21:42"
"2025-10-01","2971226","110855","TIMWE_RENEWED_NOTIF","63980","DELIVERED","3000","2025-10-01 05:21:42"
"2025-10-01","2971226","110855","TIMWE_RENEWED_NOTIF","63980","DELIVERED","3000","2025-10-01 05:21:42"
"2025-10-01","2971226","110855","TIMWE_RENEWED_NOTIF","63980","DELIVERED","3000","2025-10-01 05:21:42"
"2025-10-01","2971226","110855","TIMWE_RENEWED_NOTIF","63980","DELIVERED","3000","2025-10-01 05:21:42"
"2025-10-01","2971226","110855","TIMWE_RENEWED_NOTIF","63980","DELIVERED","3000","2025-10-01 05:21:42"
"2025-10-01","2971226","110855","TIMWE_RENEWED_NOTIF","63980","DELIVERED","3000","2025-10-01 05:21:42"
"2025-10-01","2971226","110855","TIMWE_RENEWED_NOTIF","63980","DELIVERED","3000","2025-10-01 05:21:42"
"2025-10-01","2971226","110855","TIMWE_RENEWED_NOTIF","63980","DELIVERED","3000","2025-10-01 05:21:42"
"2025-10-01","2971226","110855","TIMWE_RENEWED_NOTIF","63980","DELIVERED","3000","2025-10-01 05:21:42"
"2025-10-01","2971228","221221","TIMWE_RENEWED_NOTIF","63980","DELIVERED","3000","2025-10-01 05:21:45"
"2025-10-01","2971228","221221","TIMWE_RENEWED_NOTIF","63980","DELIVERED","3000","2025-10-01 05:21:45"
"2025-10-01","2971228","221221","TIMWE_RENEWED_NOTIF","63980","DELIVERED","3000","2025-10-01 05:21:45"
"2025-10-01","2971228","221221","TIMWE_RENEWED_NOTIF","63980","DELIVERED","3000","2025-10-01 05:21:45"
"2025-10-01","2971228","221221","TIMWE_RENEWED_NOTIF","63980","DELIVERED","3000","2025-10-01 05:21:45"
"2025-10-01","2971230","230601","TIMWE_RENEWED_NOTIF","63980","DELIVERED","3000","2025-10-01 05:21:48"
"2025-10-01","2971230","230601","TIMWE_RENEWED_NOTIF","63980","DELIVERED","3000","2025-10-01 05:21:48"
"2025-10-01","2971232","227633","TIMWE_RENEWED_NOTIF","63980","DELIVERED","3000","2025-10-01 05:22:16"
"2025-10-01","2971232","227633","TIMWE_RENEWED_NOTIF","63980","DELIVERED","3000","2025-10-01 05:22:16"
"2025-10-01","2971232","227633","TIMWE_RENEWED_NOTIF","63980","DELIVERED","3000","2025-10-01 05:22:16"
"2025-10-01","2971234","233098","TIMWE_RENEWED_NOTIF","63980","DELIVERED","3000","2025-10-01 05:22:20"
"2025-10-01","2971234","233098","TIMWE_RENEWED_NOTIF","63980","DELIVERED","3000","2025-10-01 05:22:20"
"2025-10-01","2971236","223242","TIMWE_RENEWED_NOTIF","63980","DELIVERED","3000","2025-10-01 05:22:26"
"2025-10-01","2971236","223242","TIMWE_RENEWED_NOTIF","63980","DELIVERED","3000","2025-10-01 05:22:26"
"2025-10-01","2971238","228174","TIMWE_RENEWED_NOTIF","63980","DELIVERED","3000","2025-10-01 05:22:37"
"2025-10-01","2971238","228174","TIMWE_RENEWED_NOTIF","63980","DELIVERED","3000","2025-10-01 05:22:37"
"2025-10-01","2971240","237155","TIMWE_RENEWED_NOTIF","63980","DELIVERED","3000","2025-10-01 05:23:01"
"2025-10-01","2971240","237155","TIMWE_RENEWED_NOTIF","63980","DELIVERED","3000","2025-10-01 05:23:01"
"2025-10-01","2971240","237155","TIMWE_RENEWED_NOTIF","63980","DELIVERED","3000","2025-10-01 05:23:01"
"2025-10-01","2971240","237155","TIMWE_RENEWED_NOTIF","63980","DELIVERED","3000","2025-10-01 05:23:01"
"2025-10-01","2971243","228396","TIMWE_RENEWED_NOTIF","63980","DELIVERED","3000","2025-10-01 05:23:22"
"2025-10-01","2971243","228396","TIMWE_RENEWED_NOTIF","63980","DELIVERED","3000","2025-10-01 05:23:22"
"2025-10-01","2971243","228396","TIMWE_RENEWED_NOTIF","63980","DELIVERED","3000","2025-10-01 05:23:22"
"2025-10-01","2971244","229325","TIMWE_RENEWED_NOTIF","63980","DELIVERED","3000","2025-10-01 05:23:22"
"2025-10-01","2971244","229325","TIMWE_RENEWED_NOTIF","63980","DELIVERED","3000","2025-10-01 05:23:22"
"2025-10-01","2971246","233426","TIMWE_RENEWED_NOTIF","63980","DELIVERED","3000","2025-10-01 05:23:22"
"2025-10-01","2971246","233426","TIMWE_RENEWED_NOTIF","63980","DELIVERED","3000","2025-10-01 05:23:22"
"2025-10-01","2971246","233426","TIMWE_RENEWED_NOTIF","63980","DELIVERED","3000","2025-10-01 05:23:22"
"2025-10-01","2971248","238964","TIMWE_RENEWED_NOTIF","63980","DELIVERED","3000","2025-10-01 05:23:31"
"2025-10-01","2971248","238964","TIMWE_RENEWED_NOTIF","63980","DELIVERED","3000","2025-10-01 05:23:31"
"2025-10-01","2971250","225361","TIMWE_RENEWED_NOTIF","63980","DELIVERED","3000","2025-10-01 05:23:42"
"2025-10-01","2971250","225361","TIMWE_RENEWED_NOTIF","63980","DELIVERED","3000","2025-10-01 05:23:42"
"2025-10-01","2971252","227230","TIMWE_RENEWED_NOTIF","63980","DELIVERED","3000","2025-10-01 05:23:55"
"2025-10-01","2971252","227230","TIMWE_RENEWED_NOTIF","63980","DELIVERED","3000","2025-10-01 05:23:55"
"2025-10-01","2971252","227230","TIMWE_RENEWED_NOTIF","63980","DELIVERED","3000","2025-10-01 05:23:55"
"2025-10-01","2971252","227230","TIMWE_RENEWED_NOTIF","63980","DELIVERED","3000","2025-10-01 05:23:55"
"2025-10-01","2971252","227230","TIMWE_RENEWED_NOTIF","63980","DELIVERED","3000","2025-10-01 05:23:55"
"2025-10-01","2971254","228176","TIMWE_RENEWED_NOTIF","63980","DELIVERED","3000","2025-10-01 05:23:56"
"2025-10-01","2971254","228176","TIMWE_RENEWED_NOTIF","63980","DELIVERED","3000","2025-10-01 05:23:56"
"2025-10-01","2971256","232471","TIMWE_RENEWED_NOTIF","63980","DELIVERED","3000","2025-10-01 05:24:02"
"2025-10-01","2971256","232471","TIMWE_RENEWED_NOTIF","63980","DELIVERED","3000","2025-10-01 05:24:02"
"2025-10-01","2971258","225774","TIMWE_RENEWED_NOTIF","63980","DELIVERED","3000","2025-10-01 05:24:09"
"2025-10-01","2971258","225774","TIMWE_RENEWED_NOTIF","63980","DELIVERED","3000","2025-10-01 05:24:09"
"2025-10-01","2971260","236967","TIMWE_RENEWED_NOTIF","63980","DELIVERED","3000","2025-10-01 05:24:12"
"2025-10-01","2971260","236967","TIMWE_RENEWED_NOTIF","63980","DELIVERED","3000","2025-10-01 05:24:12"
"2025-10-01","2971262","238960","TIMWE_RENEWED_NOTIF","63980","DELIVERED","3000","2025-10-01 05:24:13"
"2025-10-01","2971262","238960","TIMWE_RENEWED_NOTIF","63980","DELIVERED","3000","2025-10-01 05:24:13"
"2025-10-01","2971264","238951","TIMWE_RENEWED_NOTIF","63980","DELIVERED","3000","2025-10-01 05:24:17"
"2025-10-01","2971264","238951","TIMWE_RENEWED_NOTIF","63980","DELIVERED","3000","2025-10-01 05:24:17"
"2025-10-01","2971266","232090","TIMWE_RENEWED_NOTIF","63980","DELIVERED","3000","2025-10-01 05:24:30"
"2025-10-01","2971266","232090","TIMWE_RENEWED_NOTIF","63980","DELIVERED","3000","2025-10-01 05:24:30"
"2025-10-01","2971268","223653","TIMWE_RENEWED_NOTIF","63980","DELIVERED","3000","2025-10-01 05:24:32"
"2025-10-01","2971268","223653","TIMWE_RENEWED_NOTIF","63980","DELIVERED","3000","2025-10-01 05:24:32"
"2025-10-01","2971270","234745","TIMWE_RENEWED_NOTIF","63980","DELIVERED","3000","2025-10-01 05:24:34"
"2025-10-01","2971270","234745","TIMWE_RENEWED_NOTIF","63980","DELIVERED","3000","2025-10-01 05:24:34"
"2025-10-01","2971273","231262","TIMWE_RENEWED_NOTIF","63980","DELIVERED","3000","2025-10-01 05:24:34"
"2025-10-01","2971273","231262","TIMWE_RENEWED_NOTIF","63980","DELIVERED","3000","2025-10-01 05:24:34"
"2025-10-01","2971274","228253","TIMWE_RENEWED_NOTIF","63980","DELIVERED","3000","2025-10-01 05:24:34"
"2025-10-01","2971274","228253","TIMWE_RENEWED_NOTIF","63980","DELIVERED","3000","2025-10-01 05:24:34"
"2025-10-01","2971274","228253","TIMWE_RENEWED_NOTIF","63980","DELIVERED","3000","2025-10-01 05:24:34"
"2025-10-01","2971276","228162","TIMWE_RENEWED_NOTIF","63980","DELIVERED","3000","2025-10-01 05:24:41"
"2025-10-01","2971276","228162","TIMWE_RENEWED_NOTIF","63980","DELIVERED","3000","2025-10-01 05:24:41"
"2025-10-01","2971276","228162","TIMWE_RENEWED_NOTIF","63980","DELIVERED","3000","2025-10-01 05:24:41"
"2025-10-01","2971278","239026","TIMWE_RENEWED_NOTIF","63980","DELIVERED","3000","2025-10-01 05:25:04"
"2025-10-01","2971278","239026","TIMWE_RENEWED_NOTIF","63980","DELIVERED","3000","2025-10-01 05:25:04"
"2025-10-01","2971278","239026","TIMWE_RENEWED_NOTIF","63980","DELIVERED","3000","2025-10-01 05:25:04"
"2025-10-01","2971280","228242","TIMWE_RENEWED_NOTIF","63980","DELIVERED","3000","2025-10-01 05:25:09"
"2025-10-01","2971280","228242","TIMWE_RENEWED_NOTIF","63980","DELIVERED","3000","2025-10-01 05:25:09"
"2025-10-01","2971282","223552","TIMWE_RENEWED_NOTIF","63980","DELIVERED","3000","2025-10-01 05:25:10"
"2025-10-01","2971282","223552","TIMWE_RENEWED_NOTIF","63980","DELIVERED","3000","2025-10-01 05:25:10"
"2025-10-01","2971284","228475","TIMWE_RENEWED_NOTIF","63980","DELIVERED","3000","2025-10-01 05:25:18"
"2025-10-01","2971284","228475","TIMWE_RENEWED_NOTIF","63980","DELIVERED","3000","2025-10-01 05:25:18"
"2025-10-01","2971286","228355","TIMWE_RENEWED_NOTIF","63980","DELIVERED","3000","2025-10-01 05:25:33"
"2025-10-01","2971286","228355","TIMWE_RENEWED_NOTIF","63980","DELIVERED","3000","2025-10-01 05:25:33"
"2025-10-01","2971288","222486","TIMWE_RENEWED_NOTIF","63980","DELIVERED","3000","2025-10-01 05:25:34"
"2025-10-01","2971288","222486","TIMWE_RENEWED_NOTIF","63980","DELIVERED","3000","2025-10-01 05:25:34"
"2025-10-01","2971288","222486","TIMWE_RENEWED_NOTIF","63980","DELIVERED","3000","2025-10-01 05:25:34"
"2025-10-01","2971288","222486","TIMWE_RENEWED_NOTIF","63980","DELIVERED","3000","2025-10-01 05:25:34"
"2025-10-01","2971288","222486","TIMWE_RENEWED_NOTIF","63980","DELIVERED","3000","2025-10-01 05:25:34"
"2025-10-01","2971290","225784","TIMWE_RENEWED_NOTIF","63980","DELIVERED","3000","2025-10-01 05:25:38"
"2025-10-01","2971290","225784","TIMWE_RENEWED_NOTIF","63980","DELIVERED","3000","2025-10-01 05:25:38"
"2025-10-01","2971290","225784","TIMWE_RENEWED_NOTIF","63980","DELIVERED","3000","2025-10-01 05:25:38"
"2025-10-01","2971290","225784","TIMWE_RENEWED_NOTIF","63980","DELIVERED","3000","2025-10-01 05:25:38"
"2025-10-01","2971290","225784","TIMWE_RENEWED_NOTIF","63980","DELIVERED","3000","2025-10-01 05:25:38"
"2025-10-01","2971292","222632","TIMWE_RENEWED_NOTIF","63980","DELIVERED","3000","2025-10-01 05:25:52"
"2025-10-01","2971292","222632","TIMWE_RENEWED_NOTIF","63980","DELIVERED","3000","2025-10-01 05:25:52"
"2025-10-01","2971292","222632","TIMWE_RENEWED_NOTIF","63980","DELIVERED","3000","2025-10-01 05:25:52"
"2025-10-01","2971292","222632","TIMWE_RENEWED_NOTIF","63980","DELIVERED","3000","2025-10-01 05:25:52"
"2025-10-01","2971292","222632","TIMWE_RENEWED_NOTIF","63980","DELIVERED","3000","2025-10-01 05:25:52"
"2025-10-01","2971294","228431","TIMWE_RENEWED_NOTIF","63980","DELIVERED","3000","2025-10-01 05:26:13"
"2025-10-01","2971294","228431","TIMWE_RENEWED_NOTIF","63980","DELIVERED","3000","2025-10-01 05:26:13"
"2025-10-01","2971294","228431","TIMWE_RENEWED_NOTIF","63980","DELIVERED","3000","2025-10-01 05:26:13"
"2025-10-01","2971296","218089","TIMWE_RENEWED_NOTIF","63980","DELIVERED","3000","2025-10-01 05:26:21"
"2025-10-01","2971296","218089","TIMWE_RENEWED_NOTIF","63980","DELIVERED","3000","2025-10-01 05:26:21"
"2025-10-01","2971296","218089","TIMWE_RENEWED_NOTIF","63980","DELIVERED","3000","2025-10-01 05:26:21"
"2025-10-01","2971296","218089","TIMWE_RENEWED_NOTIF","63980","DELIVERED","3000","2025-10-01 05:26:21"
"2025-10-01","2971296","218089","TIMWE_RENEWED_NOTIF","63980","DELIVERED","3000","2025-10-01 05:26:21"
"2025-10-01","2971298","218482","TIMWE_RENEWED_NOTIF","63980","DELIVERED","3000","2025-10-01 05:26:48"
"2025-10-01","2971298","218482","TIMWE_RENEWED_NOTIF","63980","DELIVERED","3000","2025-10-01 05:26:48"
"2025-10-01","2971298","218482","TIMWE_RENEWED_NOTIF","63980","DELIVERED","3000","2025-10-01 05:26:48"
"2025-10-01","2971298","218482","TIMWE_RENEWED_NOTIF","63980","DELIVERED","3000","2025-10-01 05:26:48"
"2025-10-01","2971298","218482","TIMWE_RENEWED_NOTIF","63980","DELIVERED","3000","2025-10-01 05:26:48"
"2025-10-01","2971300","218142","TIMWE_RENEWED_NOTIF","63980","DELIVERED","3000","2025-10-01 05:27:18"
"2025-10-01","2971300","218142","TIMWE_RENEWED_NOTIF","63980","DELIVERED","3000","2025-10-01 05:27:18"
"2025-10-01","2971300","218142","TIMWE_RENEWED_NOTIF","63980","DELIVERED","3000","2025-10-01 05:27:18"
"2025-10-01","2971300","218142","TIMWE_RENEWED_NOTIF","63980","DELIVERED","3000","2025-10-01 05:27:18"
"2025-10-01","2971300","218142","TIMWE_RENEWED_NOTIF","63980","DELIVERED","3000","2025-10-01 05:27:18"
"2025-10-01","2971302","228379","TIMWE_RENEWED_NOTIF","63980","DELIVERED","3000","2025-10-01 05:27:18"
"2025-10-01","2971302","228379","TIMWE_RENEWED_NOTIF","63980","DELIVERED","3000","2025-10-01 05:27:18"
"2025-10-01","2971304","228561","TIMWE_RENEWED_NOTIF","63980","DELIVERED","3000","2025-10-01 05:27:19"
"2025-10-01","2971304","228561","TIMWE_RENEWED_NOTIF","63980","DELIVERED","3000","2025-10-01 05:27:19"
"2025-10-01","2971304","228561","TIMWE_RENEWED_NOTIF","63980","DELIVERED","3000","2025-10-01 05:27:19"
"2025-10-01","2971306","220589","TIMWE_RENEWED_NOTIF","63980","DELIVERED","3000","2025-10-01 05:27:37"
"2025-10-01","2971306","220589","TIMWE_RENEWED_NOTIF","63980","DELIVERED","3000","2025-10-01 05:27:37"
"2025-10-01","2971308","233406","TIMWE_RENEWED_NOTIF","63980","DELIVERED","3000","2025-10-01 05:27:46"
"2025-10-01","2971308","233406","TIMWE_RENEWED_NOTIF","63980","DELIVERED","3000","2025-10-01 05:27:46"
"2025-10-01","2971308","233406","TIMWE_RENEWED_NOTIF","63980","DELIVERED","3000","2025-10-01 05:27:46"
"2025-10-01","2971308","233406","TIMWE_RENEWED_NOTIF","63980","DELIVERED","3000","2025-10-01 05:27:46"
"2025-10-01","2971308","233406","TIMWE_RENEWED_NOTIF","63980","DELIVERED","3000","2025-10-01 05:27:46"
"2025-10-01","2971310","228494","TIMWE_RENEWED_NOTIF","63980","DELIVERED","3000","2025-10-01 05:27:56"
"2025-10-01","2971310","228494","TIMWE_RENEWED_NOTIF","63980","DELIVERED","3000","2025-10-01 05:27:56"
"2025-10-01","2971310","228494","TIMWE_RENEWED_NOTIF","63980","DELIVERED","3000","2025-10-01 05:27:56"
"2025-10-01","2971312","238596","TIMWE_RENEWED_NOTIF","63980","DELIVERED","3000","2025-10-01 05:27:58"
"2025-10-01","2971312","238596","TIMWE_RENEWED_NOTIF","63980","DELIVERED","3000","2025-10-01 05:27:58"
"2025-10-01","2971314","224262","TIMWE_RENEWED_NOTIF","63980","DELIVERED","3000","2025-10-01 05:28:14"
"2025-10-01","2971314","224262","TIMWE_RENEWED_NOTIF","63980","DELIVERED","3000","2025-10-01 05:28:14"
"2025-10-01","2971316","228145","TIMWE_RENEWED_NOTIF","63980","DELIVERED","3000","2025-10-01 05:28:15"
"2025-10-01","2971316","228145","TIMWE_RENEWED_NOTIF","63980","DELIVERED","3000","2025-10-01 05:28:15"
"2025-10-01","2971316","228145","TIMWE_RENEWED_NOTIF","63980","DELIVERED","3000","2025-10-01 05:28:15"
"2025-10-01","2971316","228145","TIMWE_RENEWED_NOTIF","63980","DELIVERED","3000","2025-10-01 05:28:15"
"2025-10-01","2971316","228145","TIMWE_RENEWED_NOTIF","63980","DELIVERED","3000","2025-10-01 05:28:15"
"2025-10-01","2971318","238613","TIMWE_RENEWED_NOTIF","63980","DELIVERED","3000","2025-10-01 05:29:18"
"2025-10-01","2971318","238613","TIMWE_RENEWED_NOTIF","63980","DELIVERED","3000","2025-10-01 05:29:18"
"2025-10-01","2971320","222423","TIMWE_RENEWED_NOTIF","63980","DELIVERED","3000","2025-10-01 05:29:43"
"2025-10-01","2971320","222423","TIMWE_RENEWED_NOTIF","63980","DELIVERED","3000","2025-10-01 05:29:43"
"2025-10-01","2971322","228141","TIMWE_RENEWED_NOTIF","63980","DELIVERED","3000","2025-10-01 05:29:50"
"2025-10-01","2971322","228141","TIMWE_RENEWED_NOTIF","63980","DELIVERED","3000","2025-10-01 05:29:50"
"2025-10-01","2971322","228141","TIMWE_RENEWED_NOTIF","63980","DELIVERED","3000","2025-10-01 05:29:50"
"2025-10-01","2971322","228141","TIMWE_RENEWED_NOTIF","63980","DELIVERED","3000","2025-10-01 05:29:50"
"2025-10-01","2971322","228141","TIMWE_RENEWED_NOTIF","63980","DELIVERED","3000","2025-10-01 05:29:50"
"2025-10-01","2971324","219128","TIMWE_RENEWED_NOTIF","63980","DELIVERED","3000","2025-10-01 05:30:09"
"2025-10-01","2971324","219128","TIMWE_RENEWED_NOTIF","63980","DELIVERED","3000","2025-10-01 05:30:09"
"2025-10-01","2971326","238941","TIMWE_RENEWED_NOTIF","63980","DELIVERED","3000","2025-10-01 05:30:47"
"2025-10-01","2971326","238941","TIMWE_RENEWED_NOTIF","63980","DELIVERED","3000","2025-10-01 05:30:47"
"2025-10-01","2971328","228357","TIMWE_RENEWED_NOTIF","63980","DELIVERED","3000","2025-10-01 05:31:10"
"2025-10-01","2971328","228357","TIMWE_RENEWED_NOTIF","63980","DELIVERED","3000","2025-10-01 05:31:10"
"2025-10-01","2971330","228139","TIMWE_RENEWED_NOTIF","63980","DELIVERED","3000","2025-10-01 05:31:15"
"2025-10-01","2971330","228139","TIMWE_RENEWED_NOTIF","63980","DELIVERED","3000","2025-10-01 05:31:15"
"2025-10-01","2971332","220954","TIMWE_RENEWED_NOTIF","63980","DELIVERED","3000","2025-10-01 05:31:21"
"2025-10-01","2971332","220954","TIMWE_RENEWED_NOTIF","63980","DELIVERED","3000","2025-10-01 05:31:21"
"2025-10-01","2971334","222836","TIMWE_RENEWED_NOTIF","63980","DELIVERED","3000","2025-10-01 05:31:29"
"2025-10-01","2971334","222836","TIMWE_RENEWED_NOTIF","63980","DELIVERED","3000","2025-10-01 05:31:29"
"2025-10-01","2971336","228466","TIMWE_RENEWED_NOTIF","63980","DELIVERED","3000","2025-10-01 05:31:52"
"2025-10-01","2971336","228466","TIMWE_RENEWED_NOTIF","63980","DELIVERED","3000","2025-10-01 05:31:52"
"2025-10-01","2971336","228466","TIMWE_RENEWED_NOTIF","63980","DELIVERED","3000","2025-10-01 05:31:52"
"2025-10-01","2971344","224895","TIMWE_RENEWED_NOTIF","63980","DELIVERED","3000","2025-10-01 05:32:56"
"2025-10-01","2971344","224895","TIMWE_RENEWED_NOTIF","63980","DELIVERED","3000","2025-10-01 05:32:56"
"2025-10-01","2971344","224895","TIMWE_RENEWED_NOTIF","63980","DELIVERED","3000","2025-10-01 05:32:56"
"2025-10-01","2971344","224895","TIMWE_RENEWED_NOTIF","63980","DELIVERED","3000","2025-10-01 05:32:56"
"2025-10-01","2971344","224895","TIMWE_RENEWED_NOTIF","63980","DELIVERED","3000","2025-10-01 05:32:56"
"2025-10-01","2971346","224947","TIMWE_RENEWED_NOTIF","63980","DELIVERED","3000","2025-10-01 05:34:59"
"2025-10-01","2971346","224947","TIMWE_RENEWED_NOTIF","63980","DELIVERED","3000","2025-10-01 05:34:59"
"2025-10-01","2971348","224998","TIMWE_RENEWED_NOTIF","63980","DELIVERED","3000","2025-10-01 05:35:46"
"2025-10-01","2971348","224998","TIMWE_RENEWED_NOTIF","63980","DELIVERED","3000","2025-10-01 05:35:46"
"2025-10-01","2972802","237801","TIMWE_RENEWED_NOTIF","63980","DELIVERED","3000","2025-10-01 08:44:08"
"2025-10-01","2972802","237801","TIMWE_RENEWED_NOTIF","63980","DELIVERED","3000","2025-10-01 08:44:08"
"2025-10-01","2972812","221775","TIMWE_RENEWED_NOTIF","63980","DELIVERED","3000","2025-10-01 08:47:16"
"2025-10-01","2972812","221775","TIMWE_RENEWED_NOTIF","63980","DELIVERED","3000","2025-10-01 08:47:16"
"2025-10-01","2972816","228274","TIMWE_RENEWED_NOTIF","63980","DELIVERED","3000","2025-10-01 08:49:18"
"2025-10-01","2972816","228274","TIMWE_RENEWED_NOTIF","63980","DELIVERED","3000","2025-10-01 08:49:18"
"2025-10-01","2972816","228274","TIMWE_RENEWED_NOTIF","63980","DELIVERED","3000","2025-10-01 08:49:18"
"2025-10-01","2972816","228274","TIMWE_RENEWED_NOTIF","63980","DELIVERED","3000","2025-10-01 08:49:18"
"2025-10-01","2972816","228274","TIMWE_RENEWED_NOTIF","63980","DELIVERED","3000","2025-10-01 08:49:18"
"2025-10-01","2972818","205939","TIMWE_RENEWED_NOTIF","63980","DELIVERED","3000","2025-10-01 08:49:33"
"2025-10-01","2972818","205939","TIMWE_RENEWED_NOTIF","63980","DELIVERED","3000","2025-10-01 08:49:33"
"2025-10-01","2973023","237529","TIMWE_RENEWED_NOTIF","63980","DELIVERED","3000","2025-10-01 10:02:06"
"2025-10-01","2973023","237529","TIMWE_RENEWED_NOTIF","63980","DELIVERED","3000","2025-10-01 10:02:06"
"2025-10-01","2973029","220876","TIMWE_RENEWED_NOTIF","63980","DELIVERED","3000","2025-10-01 10:04:18"
"2025-10-01","2973029","220876","TIMWE_RENEWED_NOTIF","63980","DELIVERED","3000","2025-10-01 10:04:18"
"2025-10-01","2973029","220876","TIMWE_RENEWED_NOTIF","63980","DELIVERED","3000","2025-10-01 10:04:18"
"2025-10-01","2973033","232627","TIMWE_RENEWED_NOTIF","63980","DELIVERED","3000","2025-10-01 10:06:00"
"2025-10-01","2973033","232627","TIMWE_RENEWED_NOTIF","63980","DELIVERED","3000","2025-10-01 10:06:00"
"2025-10-01","2973035","228157","TIMWE_RENEWED_NOTIF","63980","DELIVERED","3000","2025-10-01 10:06:05"
"2025-10-01","2973035","228157","TIMWE_RENEWED_NOTIF","63980","DELIVERED","3000","2025-10-01 10:06:05"
"2025-10-01","2973037","229799","TIMWE_RENEWED_NOTIF","63980","DELIVERED","3000","2025-10-01 10:06:16"
"2025-10-01","2973037","229799","TIMWE_RENEWED_NOTIF","63980","DELIVERED","3000","2025-10-01 10:06:16"
"2025-10-01","2973039","228135","TIMWE_RENEWED_NOTIF","63980","DELIVERED","3000","2025-10-01 10:06:50"
"2025-10-01","2973039","228135","TIMWE_RENEWED_NOTIF","63980","DELIVERED","3000","2025-10-01 10:06:50"
"2025-10-01","2973041","211991","TIMWE_RENEWED_NOTIF","63980","DELIVERED","3000","2025-10-01 10:06:53"
"2025-10-01","2973041","211991","TIMWE_RENEWED_NOTIF","63980","DELIVERED","3000","2025-10-01 10:06:53"
"2025-10-01","2973041","211991","TIMWE_RENEWED_NOTIF","63980","DELIVERED","3000","2025-10-01 10:06:53"
"2025-10-01","2973045","211272","TIMWE_RENEWED_NOTIF","63980","DELIVERED","3000","2025-10-01 10:08:39"
"2025-10-01","2973045","211272","TIMWE_RENEWED_NOTIF","63980","DELIVERED","3000","2025-10-01 10:08:39"
"2025-10-01","2973050","212116","TIMWE_RENEWED_NOTIF","63980","DELIVERED","3000","2025-10-01 10:09:19"
"2025-10-01","2973050","212116","TIMWE_RENEWED_NOTIF","63980","DELIVERED","3000","2025-10-01 10:09:19"
"2025-10-01","2973054","207099","TIMWE_RENEWED_NOTIF","63980","DELIVERED","3000","2025-10-01 10:10:46"
"2025-10-01","2973054","207099","TIMWE_RENEWED_NOTIF","63980","DELIVERED","3000","2025-10-01 10:10:46"
"2025-10-01","2973064","229508","TIMWE_RENEWED_NOTIF","63980","DELIVERED","3000","2025-10-01 10:12:01"
"2025-10-01","2973064","229508","TIMWE_RENEWED_NOTIF","63980","DELIVERED","3000","2025-10-01 10:12:01"
"2025-10-01","2973066","224271","TIMWE_RENEWED_NOTIF","63980","DELIVERED","3000","2025-10-01 10:12:47"
"2025-10-01","2973066","224271","TIMWE_RENEWED_NOTIF","63980","DELIVERED","3000","2025-10-01 10:12:47"
"2025-10-01","2973066","224271","TIMWE_RENEWED_NOTIF","63980","DELIVERED","3000","2025-10-01 10:12:47"
"2025-10-01","2973066","224271","TIMWE_RENEWED_NOTIF","63980","DELIVERED","3000","2025-10-01 10:12:47"
"2025-10-01","2973066","224271","TIMWE_RENEWED_NOTIF","63980","DELIVERED","3000","2025-10-01 10:12:47"
"2025-10-01","2973068","223366","TIMWE_RENEWED_NOTIF","63980","DELIVERED","3000","2025-10-01 10:13:25"
"2025-10-01","2973068","223366","TIMWE_RENEWED_NOTIF","63980","DELIVERED","3000","2025-10-01 10:13:25"
"2025-10-01","2973070","228244","TIMWE_RENEWED_NOTIF","63980","DELIVERED","3000","2025-10-01 10:14:52"
"2025-10-01","2973070","228244","TIMWE_RENEWED_NOTIF","63980","DELIVERED","3000","2025-10-01 10:14:52"
"2025-10-01","2973070","228244","TIMWE_RENEWED_NOTIF","63980","DELIVERED","3000","2025-10-01 10:14:52"
"2025-10-01","2973072","224230","TIMWE_RENEWED_NOTIF","63980","DELIVERED","3000","2025-10-01 10:15:05"
"2025-10-01","2973072","224230","TIMWE_RENEWED_NOTIF","63980","DELIVERED","3000","2025-10-01 10:15:05"
"2025-10-01","2973072","224230","TIMWE_RENEWED_NOTIF","63980","DELIVERED","3000","2025-10-01 10:15:05"
"2025-10-01","2973072","224230","TIMWE_RENEWED_NOTIF","63980","DELIVERED","3000","2025-10-01 10:15:05"
"2025-10-01","2973072","224230","TIMWE_RENEWED_NOTIF","63980","DELIVERED","3000","2025-10-01 10:15:05"
"2025-10-01","2973074","219666","TIMWE_RENEWED_NOTIF","63980","DELIVERED","3000","2025-10-01 10:15:50"
"2025-10-01","2973074","219666","TIMWE_RENEWED_NOTIF","63980","DELIVERED","3000","2025-10-01 10:15:50"
"2025-10-01","2973078","221184","TIMWE_RENEWED_NOTIF","63980","DELIVERED","3000","2025-10-01 10:16:14"
"2025-10-01","2973078","221184","TIMWE_RENEWED_NOTIF","63980","DELIVERED","3000","2025-10-01 10:16:14"
"2025-10-01","2973080","232409","TIMWE_RENEWED_NOTIF","63980","DELIVERED","3000","2025-10-01 10:16:24"
"2025-10-01","2973080","232409","TIMWE_RENEWED_NOTIF","63980","DELIVERED","3000","2025-10-01 10:16:24"
"2025-10-01","2973080","232409","TIMWE_RENEWED_NOTIF","63980","DELIVERED","3000","2025-10-01 10:16:24"
"2025-10-01","2973080","232409","TIMWE_RENEWED_NOTIF","63980","DELIVERED","3000","2025-10-01 10:16:24"
"2025-10-01","2973080","232409","TIMWE_RENEWED_NOTIF","63980","DELIVERED","3000","2025-10-01 10:16:24"
"2025-10-01","2973093","216865","TIMWE_RENEWED_NOTIF","63980","DELIVERED","3000","2025-10-01 10:18:02"
"2025-10-01","2973093","216865","TIMWE_RENEWED_NOTIF","63980","DELIVERED","3000","2025-10-01 10:18:02"
"2025-10-01","2973103","205559","TIMWE_RENEWED_NOTIF","63980","DELIVERED","3000","2025-10-01 10:19:26"
"2025-10-01","2973103","205559","TIMWE_RENEWED_NOTIF","63980","DELIVERED","3000","2025-10-01 10:19:26"
"2025-10-01","2973105","217850","TIMWE_RENEWED_NOTIF","63980","DELIVERED","3000","2025-10-01 10:20:49"
"2025-10-01","2973105","217850","TIMWE_RENEWED_NOTIF","63980","DELIVERED","3000","2025-10-01 10:20:49"
"2025-10-01","2973105","217850","TIMWE_RENEWED_NOTIF","63980","DELIVERED","3000","2025-10-01 10:20:49"
"2025-10-01","2973105","217850","TIMWE_RENEWED_NOTIF","63980","DELIVERED","3000","2025-10-01 10:20:49"
"2025-10-01","2973105","217850","TIMWE_RENEWED_NOTIF","63980","DELIVERED","3000","2025-10-01 10:20:49"
"2025-10-01","2973115","207045","TIMWE_RENEWED_NOTIF","63980","DELIVERED","3000","2025-10-01 10:22:03"
"2025-10-01","2973115","207045","TIMWE_RENEWED_NOTIF","63980","DELIVERED","3000","2025-10-01 10:22:03"
"2025-10-01","2973115","207045","TIMWE_RENEWED_NOTIF","63980","DELIVERED","3000","2025-10-01 10:22:03"
"2025-10-01","2973123","238449","TIMWE_RENEWED_NOTIF","63980","DELIVERED","3000","2025-10-01 10:22:46"
"2025-10-01","2973123","238449","TIMWE_RENEWED_NOTIF","63980","DELIVERED","3000","2025-10-01 10:22:46"
"2025-10-01","2973123","238449","TIMWE_RENEWED_NOTIF","63980","DELIVERED","3000","2025-10-01 10:22:46"
"2025-10-01","2973123","238449","TIMWE_RENEWED_NOTIF","63980","DELIVERED","3000","2025-10-01 10:22:46"
"2025-10-01","2973141","212376","TIMWE_RENEWED_NOTIF","63980","DELIVERED","3000","2025-10-01 10:27:59"
"2025-10-01","2973141","212376","TIMWE_RENEWED_NOTIF","63980","DELIVERED","3000","2025-10-01 10:27:59"
"2025-10-01","2973141","212376","TIMWE_RENEWED_NOTIF","63980","DELIVERED","3000","2025-10-01 10:27:59"
"2025-10-01","2973141","212376","TIMWE_RENEWED_NOTIF","63980","DELIVERED","3000","2025-10-01 10:27:59"
"2025-10-01","2973141","212376","TIMWE_RENEWED_NOTIF","63980","DELIVERED","3000","2025-10-01 10:27:59"
"2025-10-01","2973143","228502","TIMWE_RENEWED_NOTIF","63980","DELIVERED","3000","2025-10-01 10:28:42"
"2025-10-01","2973143","228502","TIMWE_RENEWED_NOTIF","63980","DELIVERED","3000","2025-10-01 10:28:42"
"2025-10-01","2973143","228502","TIMWE_RENEWED_NOTIF","63980","DELIVERED","3000","2025-10-01 10:28:42"
"2025-10-01","2973143","228502","TIMWE_RENEWED_NOTIF","63980","DELIVERED","3000","2025-10-01 10:28:42"
"2025-10-01","2973143","228502","TIMWE_RENEWED_NOTIF","63980","DELIVERED","3000","2025-10-01 10:28:42"
"2025-10-01","2973148","224789","TIMWE_RENEWED_NOTIF","63980","DELIVERED","3000","2025-10-01 10:29:14"
"2025-10-01","2973148","224789","TIMWE_RENEWED_NOTIF","63980","DELIVERED","3000","2025-10-01 10:29:14"
"2025-10-01","2973151","210402","TIMWE_RENEWED_NOTIF","63980","DELIVERED","3000","2025-10-01 10:30:01"
"2025-10-01","2973151","210402","TIMWE_RENEWED_NOTIF","63980","DELIVERED","3000","2025-10-01 10:30:01"
"2025-10-01","2973155","180426","TIMWE_RENEWED_NOTIF","63980","DELIVERED","3000","2025-10-01 10:30:34"
"2025-10-01","2973155","180426","TIMWE_RENEWED_NOTIF","63980","DELIVERED","3000","2025-10-01 10:30:34"
"2025-10-01","2973155","180426","TIMWE_RENEWED_NOTIF","63980","DELIVERED","3000","2025-10-01 10:30:34"
"2025-10-01","2973155","180426","TIMWE_RENEWED_NOTIF","63980","DELIVERED","3000","2025-10-01 10:30:34"
"2025-10-01","2973155","180426","TIMWE_RENEWED_NOTIF","63980","DELIVERED","3000","2025-10-01 10:30:34"
"2025-10-01","2973157","206329","TIMWE_RENEWED_NOTIF","63980","DELIVERED","3000","2025-10-01 10:31:25"
"2025-10-01","2973157","206329","TIMWE_RENEWED_NOTIF","63980","DELIVERED","3000","2025-10-01 10:31:25"
"2025-10-01","2973161","211009","TIMWE_RENEWED_NOTIF","63980","DELIVERED","3000","2025-10-01 10:32:00"
"2025-10-01","2973161","211009","TIMWE_RENEWED_NOTIF","63980","DELIVERED","3000","2025-10-01 10:32:00"
"2025-10-01","2973165","225825","TIMWE_RENEWED_NOTIF","63980","DELIVERED","3000","2025-10-01 10:32:36"
"2025-10-01","2973165","225825","TIMWE_RENEWED_NOTIF","63980","DELIVERED","3000","2025-10-01 10:32:36"
"2025-10-01","2973170","205989","TIMWE_RENEWED_NOTIF","63980","DELIVERED","3000","2025-10-01 10:35:34"
"2025-10-01","2973170","205989","TIMWE_RENEWED_NOTIF","63980","DELIVERED","3000","2025-10-01 10:35:34"
"2025-10-01","2973170","205989","TIMWE_RENEWED_NOTIF","63980","DELIVERED","3000","2025-10-01 10:35:34"
"2025-10-01","2973172","182786","TIMWE_RENEWED_NOTIF","63980","DELIVERED","3000","2025-10-01 10:35:50"
"2025-10-01","2973172","182786","TIMWE_RENEWED_NOTIF","63980","DELIVERED","3000","2025-10-01 10:35:50"
"2025-10-01","2973172","182786","TIMWE_RENEWED_NOTIF","63980","DELIVERED","3000","2025-10-01 10:35:50"
"2025-10-01","2973174","234291","TIMWE_RENEWED_NOTIF","63980","DELIVERED","3000","2025-10-01 10:35:50"
"2025-10-01","2973174","234291","TIMWE_RENEWED_NOTIF","63980","DELIVERED","3000","2025-10-01 10:35:50"
"2025-10-01","2973176","210635","TIMWE_RENEWED_NOTIF","63980","DELIVERED","3000","2025-10-01 10:36:22"
"2025-10-01","2973176","210635","TIMWE_RENEWED_NOTIF","63980","DELIVERED","3000","2025-10-01 10:36:22"
"2025-10-01","2973179","187462","TIMWE_RENEWED_NOTIF","63980","DELIVERED","3000","2025-10-01 10:36:59"
"2025-10-01","2973179","187462","TIMWE_RENEWED_NOTIF","63980","DELIVERED","3000","2025-10-01 10:36:59"
"2025-10-01","2973179","187462","TIMWE_RENEWED_NOTIF","63980","DELIVERED","3000","2025-10-01 10:36:59"
"2025-10-01","2973179","187462","TIMWE_RENEWED_NOTIF","63980","DELIVERED","3000","2025-10-01 10:36:59"
"2025-10-01","2973179","187462","TIMWE_RENEWED_NOTIF","63980","DELIVERED","3000","2025-10-01 10:36:59"
"2025-10-01","2973179","187462","TIMWE_RENEWED_NOTIF","63980","DELIVERED","3000","2025-10-01 10:36:59"
"2025-10-01","2973181","216242","TIMWE_RENEWED_NOTIF","63980","DELIVERED","3000","2025-10-01 10:37:17"
"2025-10-01","2973181","216242","TIMWE_RENEWED_NOTIF","63980","DELIVERED","3000","2025-10-01 10:37:17"
"2025-10-01","2973181","216242","TIMWE_RENEWED_NOTIF","63980","DELIVERED","3000","2025-10-01 10:37:17"
"2025-10-01","2973181","216242","TIMWE_RENEWED_NOTIF","63980","DELIVERED","3000","2025-10-01 10:37:17"
"2025-10-01","2973194","204181","TIMWE_RENEWED_NOTIF","63980","DELIVERED","3000","2025-10-01 10:40:02"
"2025-10-01","2973194","204181","TIMWE_RENEWED_NOTIF","63980","DELIVERED","3000","2025-10-01 10:40:02"
"2025-10-01","2973205","208593","TIMWE_RENEWED_NOTIF","63980","DELIVERED","3000","2025-10-01 10:43:22"
"2025-10-01","2973205","208593","TIMWE_RENEWED_NOTIF","63980","DELIVERED","3000","2025-10-01 10:43:22"
"2025-10-01","2973252","209120","TIMWE_RENEWED_NOTIF","63980","DELIVERED","3000","2025-10-01 10:52:43"
"2025-10-01","2973252","209120","TIMWE_RENEWED_NOTIF","63980","DELIVERED","3000","2025-10-01 10:52:43"
"2025-10-01","2973252","209120","TIMWE_RENEWED_NOTIF","63980","DELIVERED","3000","2025-10-01 10:52:43"
"2025-10-01","2973780","228673","TIMWE_RENEWED_NOTIF","63980","DELIVERED","3000","2025-10-01 12:18:27"
"2025-10-01","2973780","228673","TIMWE_RENEWED_NOTIF","63980","DELIVERED","3000","2025-10-01 12:18:27"
"2025-10-01","2973783","222953","TIMWE_RENEWED_NOTIF","63980","DELIVERED","3000","2025-10-01 12:19:29"
"2025-10-01","2973783","222953","TIMWE_RENEWED_NOTIF","63980","DELIVERED","3000","2025-10-01 12:19:29"
"2025-10-01","2974237","208947","TIMWE_RENEWED_NOTIF","63980","DELIVERED","3000","2025-10-01 13:52:58"
"2025-10-01","2974237","208947","TIMWE_RENEWED_NOTIF","63980","DELIVERED","3000","2025-10-01 13:52:58"
"2025-10-01","2974241","171804","TIMWE_RENEWED_NOTIF","63980","DELIVERED","3000","2025-10-01 13:55:19"
"2025-10-01","2974241","171804","TIMWE_RENEWED_NOTIF","63980","DELIVERED","3000","2025-10-01 13:55:19"
"2025-10-01","2974241","171804","TIMWE_RENEWED_NOTIF","63980","DELIVERED","3000","2025-10-01 13:55:19"
"2025-10-01","2974241","171804","TIMWE_RENEWED_NOTIF","63980","DELIVERED","3000","2025-10-01 13:55:19"
"2025-10-01","2974241","171804","TIMWE_RENEWED_NOTIF","63980","DELIVERED","3000","2025-10-01 13:55:19"
"2025-10-01","2974241","171804","TIMWE_RENEWED_NOTIF","63980","DELIVERED","3000","2025-10-01 13:55:19"
"2025-10-01","2974241","171804","TIMWE_RENEWED_NOTIF","63980","DELIVERED","3000","2025-10-01 13:55:19"
"2025-10-01","2974241","171804","TIMWE_RENEWED_NOTIF","63980","DELIVERED","3000","2025-10-01 13:55:19"
"2025-10-01","2974241","171804","TIMWE_RENEWED_NOTIF","63980","DELIVERED","3000","2025-10-01 13:55:19"
"2025-10-01","2974261","239077","TIMWE_RENEWED_NOTIF","63980","DELIVERED","3000","2025-10-01 13:57:42"
"2025-10-01","2974261","239077","TIMWE_RENEWED_NOTIF","63980","DELIVERED","3000","2025-10-01 13:57:42"
"2025-10-01","2974280","228342","TIMWE_RENEWED_NOTIF","63980","DELIVERED","3000","2025-10-01 14:00:19"
"2025-10-01","2974280","228342","TIMWE_RENEWED_NOTIF","63980","DELIVERED","3000","2025-10-01 14:00:19"
"2025-10-01","2974288","239064","TIMWE_RENEWED_NOTIF","63980","DELIVERED","3000","2025-10-01 14:01:59"
"2025-10-01","2974288","239064","TIMWE_RENEWED_NOTIF","63980","DELIVERED","3000","2025-10-01 14:01:59"
"2025-10-01","2974302","238743","TIMWE_RENEWED_NOTIF","63980","DELIVERED","3000","2025-10-01 14:04:20"
"2025-10-01","2974302","238743","TIMWE_RENEWED_NOTIF","63980","DELIVERED","3000","2025-10-01 14:04:20"
"2025-10-01","2974308","204472","TIMWE_RENEWED_NOTIF","63980","DELIVERED","3000","2025-10-01 14:05:13"
"2025-10-01","2974308","204472","TIMWE_RENEWED_NOTIF","63980","DELIVERED","3000","2025-10-01 14:05:13"
"2025-10-01","2974308","204472","TIMWE_RENEWED_NOTIF","63980","DELIVERED","3000","2025-10-01 14:05:13"
"2025-10-01","2974308","204472","TIMWE_RENEWED_NOTIF","63980","DELIVERED","3000","2025-10-01 14:05:13"
"2025-10-01","2974322","209302","TIMWE_RENEWED_NOTIF","63980","DELIVERED","3000","2025-10-01 14:05:45"
"2025-10-01","2974322","209302","TIMWE_RENEWED_NOTIF","63980","DELIVERED","3000","2025-10-01 14:05:45"
"2025-10-01","2974328","218755","TIMWE_RENEWED_NOTIF","63980","DELIVERED","3000","2025-10-01 14:06:57"
"2025-10-01","2974328","218755","TIMWE_RENEWED_NOTIF","63980","DELIVERED","3000","2025-10-01 14:06:57"
"2025-10-01","2974337","227587","TIMWE_RENEWED_NOTIF","63980","DELIVERED","3000","2025-10-01 14:10:47"
"2025-10-01","2974337","227587","TIMWE_RENEWED_NOTIF","63980","DELIVERED","3000","2025-10-01 14:10:47"
"2025-10-01","2974339","224578","TIMWE_RENEWED_NOTIF","63980","DELIVERED","3000","2025-10-01 14:11:04"
"2025-10-01","2974339","224578","TIMWE_RENEWED_NOTIF","63980","DELIVERED","3000","2025-10-01 14:11:04"
"2025-10-01","2974352","231300","TIMWE_RENEWED_NOTIF","63980","DELIVERED","3000","2025-10-01 14:17:30"
"2025-10-01","2974352","231300","TIMWE_RENEWED_NOTIF","63980","DELIVERED","3000","2025-10-01 14:17:30"
"2025-10-01","2974352","231300","TIMWE_RENEWED_NOTIF","63980","DELIVERED","3000","2025-10-01 14:17:30"
"2025-10-01","2974352","231300","TIMWE_RENEWED_NOTIF","63980","DELIVERED","3000","2025-10-01 14:17:30"
"2025-10-01","2974360","220778","TIMWE_RENEWED_NOTIF","63980","DELIVERED","3000","2025-10-01 14:18:44"
"2025-10-01","2974360","220778","TIMWE_RENEWED_NOTIF","63980","DELIVERED","3000","2025-10-01 14:18:44"
"2025-10-01","2974362","203931","TIMWE_RENEWED_NOTIF","63980","DELIVERED","3000","2025-10-01 14:20:05"
"2025-10-01","2974362","203931","TIMWE_RENEWED_NOTIF","63980","DELIVERED","3000","2025-10-01 14:20:05"
"2025-10-01","2974365","206756","TIMWE_RENEWED_NOTIF","63980","DELIVERED","3000","2025-10-01 14:21:21"
"2025-10-01","2974365","206756","TIMWE_RENEWED_NOTIF","63980","DELIVERED","3000","2025-10-01 14:21:21"
"2025-10-01","2974367","179836","TIMWE_RENEWED_NOTIF","63980","DELIVERED","3000","2025-10-01 14:21:31"
"2025-10-01","2974367","179836","TIMWE_RENEWED_NOTIF","63980","DELIVERED","3000","2025-10-01 14:21:31"
"2025-10-01","2974367","179836","TIMWE_RENEWED_NOTIF","63980","DELIVERED","3000","2025-10-01 14:21:31"
"2025-10-01","2974367","179836","TIMWE_RENEWED_NOTIF","63980","DELIVERED","3000","2025-10-01 14:21:31"
"2025-10-01","2974367","179836","TIMWE_RENEWED_NOTIF","63980","DELIVERED","3000","2025-10-01 14:21:31"
"2025-10-01","2974367","179836","TIMWE_RENEWED_NOTIF","63980","DELIVERED","3000","2025-10-01 14:21:31"
"2025-10-01","2974369","222784","TIMWE_RENEWED_NOTIF","63980","DELIVERED","3000","2025-10-01 14:21:33"
"2025-10-01","2974369","222784","TIMWE_RENEWED_NOTIF","63980","DELIVERED","3000","2025-10-01 14:21:33"
"2025-10-01","2974383","216632","TIMWE_RENEWED_NOTIF","63980","DELIVERED","3000","2025-10-01 14:23:56"
"2025-10-01","2974383","216632","TIMWE_RENEWED_NOTIF","63980","DELIVERED","3000","2025-10-01 14:23:56"
"2025-10-01","2974385","228226","TIMWE_RENEWED_NOTIF","63980","DELIVERED","3000","2025-10-01 14:26:37"
"2025-10-01","2974385","228226","TIMWE_RENEWED_NOTIF","63980","DELIVERED","3000","2025-10-01 14:26:37"
"2025-10-01","2974398","185459","TIMWE_RENEWED_NOTIF","63980","DELIVERED","3000","2025-10-01 14:29:00"
"2025-10-01","2974398","185459","TIMWE_RENEWED_NOTIF","63980","DELIVERED","3000","2025-10-01 14:29:00"
"2025-10-01","2974398","185459","TIMWE_RENEWED_NOTIF","63980","DELIVERED","3000","2025-10-01 14:29:00"
"2025-10-01","2974410","232803","TIMWE_RENEWED_NOTIF","63980","DELIVERED","3000","2025-10-01 14:32:34"
"2025-10-01","2974410","232803","TIMWE_RENEWED_NOTIF","63980","DELIVERED","3000","2025-10-01 14:32:34"
"2025-10-01","2974420","217135","TIMWE_RENEWED_NOTIF","63980","DELIVERED","3000","2025-10-01 14:33:37"
"2025-10-01","2974420","217135","TIMWE_RENEWED_NOTIF","63980","DELIVERED","3000","2025-10-01 14:33:37"
"2025-10-01","2974420","217135","TIMWE_RENEWED_NOTIF","63980","DELIVERED","3000","2025-10-01 14:33:37"
"2025-10-01","2974420","217135","TIMWE_RENEWED_NOTIF","63980","DELIVERED","3000","2025-10-01 14:33:37"
"2025-10-01","2974420","217135","TIMWE_RENEWED_NOTIF","63980","DELIVERED","3000","2025-10-01 14:33:37"
"2025-10-01","2974422","207394","TIMWE_RENEWED_NOTIF","63980","DELIVERED","3000","2025-10-01 14:34:12"
"2025-10-01","2974422","207394","TIMWE_RENEWED_NOTIF","63980","DELIVERED","3000","2025-10-01 14:34:12"
"2025-10-01","2974422","207394","TIMWE_RENEWED_NOTIF","63980","DELIVERED","3000","2025-10-01 14:34:12"
"2025-10-01","2974422","207394","TIMWE_RENEWED_NOTIF","63980","DELIVERED","3000","2025-10-01 14:34:12"
"2025-10-01","2974422","207394","TIMWE_RENEWED_NOTIF","63980","DELIVERED","3000","2025-10-01 14:34:12"
"2025-10-01","2974426","225310","TIMWE_RENEWED_NOTIF","63980","DELIVERED","3000","2025-10-01 14:36:55"
"2025-10-01","2974426","225310","TIMWE_RENEWED_NOTIF","63980","DELIVERED","3000","2025-10-01 14:36:55"
"2025-10-01","2974426","225310","TIMWE_RENEWED_NOTIF","63980","DELIVERED","3000","2025-10-01 14:36:55"
"2025-10-01","2974430","208108","TIMWE_RENEWED_NOTIF","63980","DELIVERED","3000","2025-10-01 14:37:18"
"2025-10-01","2974430","208108","TIMWE_RENEWED_NOTIF","63980","DELIVERED","3000","2025-10-01 14:37:18"
"2025-10-01","2974430","208108","TIMWE_RENEWED_NOTIF","63980","DELIVERED","3000","2025-10-01 14:37:18"
"2025-10-01","2974430","208108","TIMWE_RENEWED_NOTIF","63980","DELIVERED","3000","2025-10-01 14:37:18"
"2025-10-01","2974430","208108","TIMWE_RENEWED_NOTIF","63980","DELIVERED","3000","2025-10-01 14:37:18"
"2025-10-01","2974458","218369","TIMWE_RENEWED_NOTIF","63980","DELIVERED","3000","2025-10-01 14:41:25"
"2025-10-01","2974458","218369","TIMWE_RENEWED_NOTIF","63980","DELIVERED","3000","2025-10-01 14:41:25"
"2025-10-01","2974460","231462","TIMWE_RENEWED_NOTIF","63980","DELIVERED","3000","2025-10-01 14:42:19"
"2025-10-01","2974460","231462","TIMWE_RENEWED_NOTIF","63980","DELIVERED","3000","2025-10-01 14:42:19"
"2025-10-01","2974463","203667","TIMWE_RENEWED_NOTIF","63980","DELIVERED","3000","2025-10-01 14:43:10"
"2025-10-01","2974463","203667","TIMWE_RENEWED_NOTIF","63980","DELIVERED","3000","2025-10-01 14:43:10"
"2025-10-01","2974463","203667","TIMWE_RENEWED_NOTIF","63980","DELIVERED","3000","2025-10-01 14:43:10"
"2025-10-01","2974475","236692","TIMWE_RENEWED_NOTIF","63980","DELIVERED","3000","2025-10-01 14:44:10"
"2025-10-01","2974475","236692","TIMWE_RENEWED_NOTIF","63980","DELIVERED","3000","2025-10-01 14:44:10"
"2025-10-01","2974484","222079","TIMWE_RENEWED_NOTIF","63980","DELIVERED","3000","2025-10-01 14:44:52"
"2025-10-01","2974484","222079","TIMWE_RENEWED_NOTIF","63980","DELIVERED","3000","2025-10-01 14:44:52"
"2025-10-01","2974495","222700","TIMWE_RENEWED_NOTIF","63980","DELIVERED","3000","2025-10-01 14:47:09"
"2025-10-01","2974495","222700","TIMWE_RENEWED_NOTIF","63980","DELIVERED","3000","2025-10-01 14:47:09"
"2025-10-01","2974497","211105","TIMWE_RENEWED_NOTIF","63980","DELIVERED","3000","2025-10-01 14:47:33"
"2025-10-01","2974497","211105","TIMWE_RENEWED_NOTIF","63980","DELIVERED","3000","2025-10-01 14:47:33"
"2025-10-01","2974497","211105","TIMWE_RENEWED_NOTIF","63980","DELIVERED","3000","2025-10-01 14:47:33"
"2025-10-01","2974497","211105","TIMWE_RENEWED_NOTIF","63980","DELIVERED","3000","2025-10-01 14:47:33"
"2025-10-01","2974497","211105","TIMWE_RENEWED_NOTIF","63980","DELIVERED","3000","2025-10-01 14:47:33"
"2025-10-01","2974499","169601","TIMWE_RENEWED_NOTIF","63980","DELIVERED","3000","2025-10-01 14:48:25"
"2025-10-01","2974499","169601","TIMWE_RENEWED_NOTIF","63980","DELIVERED","3000","2025-10-01 14:48:25"
"2025-10-01","2974499","169601","TIMWE_RENEWED_NOTIF","63980","DELIVERED","3000","2025-10-01 14:48:25"
"2025-10-01","2974499","169601","TIMWE_RENEWED_NOTIF","63980","DELIVERED","3000","2025-10-01 14:48:25"
"2025-10-01","2974499","169601","TIMWE_RENEWED_NOTIF","63980","DELIVERED","3000","2025-10-01 14:48:25"
"2025-10-01","2974499","169601","TIMWE_RENEWED_NOTIF","63980","DELIVERED","3000","2025-10-01 14:48:25"
"2025-10-01","2974499","169601","TIMWE_RENEWED_NOTIF","63980","DELIVERED","3000","2025-10-01 14:48:25"
"2025-10-01","2974499","169601","TIMWE_RENEWED_NOTIF","63980","DELIVERED","3000","2025-10-01 14:48:25"
"2025-10-01","2974499","169601","TIMWE_RENEWED_NOTIF","63980","DELIVERED","3000","2025-10-01 14:48:25"
"2025-10-01","2974514","231966","TIMWE_RENEWED_NOTIF","63980","DELIVERED","3000","2025-10-01 14:50:31"
"2025-10-01","2974514","231966","TIMWE_RENEWED_NOTIF","63980","DELIVERED","3000","2025-10-01 14:50:31"
"2025-10-01","2974516","219456","TIMWE_RENEWED_NOTIF","63980","DELIVERED","3000","2025-10-01 14:50:32"
"2025-10-01","2974516","219456","TIMWE_RENEWED_NOTIF","63980","DELIVERED","3000","2025-10-01 14:50:32"
"2025-10-01","2974522","210785","TIMWE_RENEWED_NOTIF","63980","DELIVERED","3000","2025-10-01 14:52:58"
"2025-10-01","2974522","210785","TIMWE_RENEWED_NOTIF","63980","DELIVERED","3000","2025-10-01 14:52:58"
"2025-10-01","2974525","223579","TIMWE_RENEWED_NOTIF","63980","DELIVERED","3000","2025-10-01 14:53:05"
"2025-10-01","2974525","223579","TIMWE_RENEWED_NOTIF","63980","DELIVERED","3000","2025-10-01 14:53:05"
"2025-10-01","2974525","223579","TIMWE_RENEWED_NOTIF","63980","DELIVERED","3000","2025-10-01 14:53:05"
"2025-10-01","2974525","223579","TIMWE_RENEWED_NOTIF","63980","DELIVERED","3000","2025-10-01 14:53:05"
"2025-10-01","2974525","223579","TIMWE_RENEWED_NOTIF","63980","DELIVERED","3000","2025-10-01 14:53:05"
"2025-10-01","2974528","223412","TIMWE_RENEWED_NOTIF","63980","DELIVERED","3000","2025-10-01 14:53:27"
"2025-10-01","2974528","223412","TIMWE_RENEWED_NOTIF","63980","DELIVERED","3000","2025-10-01 14:53:27"
"2025-10-01","2974528","223412","TIMWE_RENEWED_NOTIF","63980","DELIVERED","3000","2025-10-01 14:53:27"
"2025-10-01","2974532","233835","TIMWE_RENEWED_NOTIF","63980","DELIVERED","3000","2025-10-01 14:53:40"
"2025-10-01","2974532","233835","TIMWE_RENEWED_NOTIF","63980","DELIVERED","3000","2025-10-01 14:53:40"
"2025-10-01","2974537","227609","TIMWE_RENEWED_NOTIF","63980","DELIVERED","3000","2025-10-01 14:53:51"
"2025-10-01","2974537","227609","TIMWE_RENEWED_NOTIF","63980","DELIVERED","3000","2025-10-01 14:53:51"
"2025-10-01","2974537","227609","TIMWE_RENEWED_NOTIF","63980","DELIVERED","3000","2025-10-01 14:53:51"
"2025-10-01","2974537","227609","TIMWE_RENEWED_NOTIF","63980","DELIVERED","3000","2025-10-01 14:53:51"
"2025-10-01","2974537","227609","TIMWE_RENEWED_NOTIF","63980","DELIVERED","3000","2025-10-01 14:53:51"
"2025-10-01","2974547","228314","TIMWE_RENEWED_NOTIF","63980","DELIVERED","3000","2025-10-01 14:57:27"
"2025-10-01","2974547","228314","TIMWE_RENEWED_NOTIF","63980","DELIVERED","3000","2025-10-01 14:57:27"
"2025-10-01","2974547","228314","TIMWE_RENEWED_NOTIF","63980","DELIVERED","3000","2025-10-01 14:57:27"
"2025-10-01","2974547","228314","TIMWE_RENEWED_NOTIF","63980","DELIVERED","3000","2025-10-01 14:57:27"
"2025-10-01","2974547","228314","TIMWE_RENEWED_NOTIF","63980","DELIVERED","3000","2025-10-01 14:57:27"
"2025-10-01","2974567","238357","TIMWE_RENEWED_NOTIF","63980","DELIVERED","3000","2025-10-01 15:01:17"
"2025-10-01","2974567","238357","TIMWE_RENEWED_NOTIF","63980","DELIVERED","3000","2025-10-01 15:01:17"
"2025-10-01","2974567","238357","TIMWE_RENEWED_NOTIF","63980","DELIVERED","3000","2025-10-01 15:01:17"
"2025-10-01","2974569","213422","TIMWE_RENEWED_NOTIF","63980","DELIVERED","3000","2025-10-01 15:01:19"
"2025-10-01","2974569","213422","TIMWE_RENEWED_NOTIF","63980","DELIVERED","3000","2025-10-01 15:01:19"
"2025-10-01","2974588","236153","TIMWE_RENEWED_NOTIF","63980","DELIVERED","3000","2025-10-01 15:06:11"
"2025-10-01","2974588","236153","TIMWE_RENEWED_NOTIF","63980","DELIVERED","3000","2025-10-01 15:06:11"
"2025-10-01","2974595","208527","TIMWE_RENEWED_NOTIF","63980","DELIVERED","3000","2025-10-01 15:10:11"
"2025-10-01","2974595","208527","TIMWE_RENEWED_NOTIF","63980","DELIVERED","3000","2025-10-01 15:10:11"
"2025-10-01","2974595","208527","TIMWE_RENEWED_NOTIF","63980","DELIVERED","3000","2025-10-01 15:10:11"
"2025-10-01","2974597","218831","TIMWE_RENEWED_NOTIF","63980","DELIVERED","3000","2025-10-01 15:12:26"
"2025-10-01","2974597","218831","TIMWE_RENEWED_NOTIF","63980","DELIVERED","3000","2025-10-01 15:12:26"
"2025-10-01","2974619","205120","TIMWE_RENEWED_NOTIF","63980","DELIVERED","3000","2025-10-01 15:16:48"
"2025-10-01","2974619","205120","TIMWE_RENEWED_NOTIF","63980","DELIVERED","3000","2025-10-01 15:16:48"
"2025-10-01","2974624","217312","TIMWE_RENEWED_NOTIF","63980","DELIVERED","3000","2025-10-01 15:18:14"
"2025-10-01","2974624","217312","TIMWE_RENEWED_NOTIF","63980","DELIVERED","3000","2025-10-01 15:18:14"
"2025-10-01","2974857","219141","TIMWE_RENEWED_NOTIF","63980","DELIVERED","3000","2025-10-01 16:20:15"
"2025-10-01","2974857","219141","TIMWE_RENEWED_NOTIF","63980","DELIVERED","3000","2025-10-01 16:20:15"
"2025-10-01","2974920","209644","TIMWE_RENEWED_NOTIF","63980","DELIVERED","3000","2025-10-01 16:30:57"
"2025-10-01","2974920","209644","TIMWE_RENEWED_NOTIF","63980","DELIVERED","3000","2025-10-01 16:30:57"
"2025-10-01","2974975","223364","TIMWE_RENEWED_NOTIF","63980","DELIVERED","3000","2025-10-01 16:48:11"
"2025-10-01","2974975","223364","TIMWE_RENEWED_NOTIF","63980","DELIVERED","3000","2025-10-01 16:48:11"
"2025-10-01","2974978","230779","TIMWE_RENEWED_NOTIF","63980","DELIVERED","3000","2025-10-01 16:48:30"
"2025-10-01","2974978","230779","TIMWE_RENEWED_NOTIF","63980","DELIVERED","3000","2025-10-01 16:48:30"
"2025-10-01","2974995","224905","TIMWE_RENEWED_NOTIF","63980","DELIVERED","3000","2025-10-01 16:52:11"
"2025-10-01","2974995","224905","TIMWE_RENEWED_NOTIF","63980","DELIVERED","3000","2025-10-01 16:52:11"
"2025-10-01","2974995","224905","TIMWE_RENEWED_NOTIF","63980","DELIVERED","3000","2025-10-01 16:52:11"
"2025-10-01","2974995","224905","TIMWE_RENEWED_NOTIF","63980","DELIVERED","3000","2025-10-01 16:52:11"
"2025-10-01","2975376","205004","TIMWE_RENEWED_NOTIF","63980","DELIVERED","3000","2025-10-01 18:44:35"
"2025-10-01","2975376","205004","TIMWE_RENEWED_NOTIF","63980","DELIVERED","3000","2025-10-01 18:44:35"
"2025-10-01","2975436","212955","TIMWE_RENEWED_NOTIF","63980","DELIVERED","3000","2025-10-01 18:52:08"
"2025-10-01","2975436","212955","TIMWE_RENEWED_NOTIF","63980","DELIVERED","3000","2025-10-01 18:52:08"
"2025-10-01","2975457","227494","TIMWE_RENEWED_NOTIF","63980","DELIVERED","3000","2025-10-01 18:55:37"
"2025-10-01","2975457","227494","TIMWE_RENEWED_NOTIF","63980","DELIVERED","3000","2025-10-01 18:55:37"
"2025-10-01","2975457","227494","TIMWE_RENEWED_NOTIF","63980","DELIVERED","3000","2025-10-01 18:55:37"
"2025-10-01","2975457","227494","TIMWE_RENEWED_NOTIF","63980","DELIVERED","3000","2025-10-01 18:55:37"
"2025-10-01","2975457","227494","TIMWE_RENEWED_NOTIF","63980","DELIVERED","3000","2025-10-01 18:55:37"
"2025-10-01","2975463","208009","TIMWE_RENEWED_NOTIF","63980","DELIVERED","3000","2025-10-01 18:56:36"
"2025-10-01","2975463","208009","TIMWE_RENEWED_NOTIF","63980","DELIVERED","3000","2025-10-01 18:56:36"
"2025-10-01","2975479","216335","TIMWE_RENEWED_NOTIF","63980","DELIVERED","3000","2025-10-01 19:00:53"
"2025-10-01","2975479","216335","TIMWE_RENEWED_NOTIF","63980","DELIVERED","3000","2025-10-01 19:00:53"
"2025-10-01","2975479","216335","TIMWE_RENEWED_NOTIF","63980","DELIVERED","3000","2025-10-01 19:00:53"
"2025-10-01","2975497","238517","TIMWE_RENEWED_NOTIF","63980","DELIVERED","3000","2025-10-01 19:04:03"
"2025-10-01","2975497","238517","TIMWE_RENEWED_NOTIF","63980","DELIVERED","3000","2025-10-01 19:04:03"
"2025-10-01","2975516","224101","TIMWE_RENEWED_NOTIF","63980","DELIVERED","3000","2025-10-01 19:07:40"
"2025-10-01","2975516","224101","TIMWE_RENEWED_NOTIF","63980","DELIVERED","3000","2025-10-01 19:07:40"
"2025-10-01","2975557","219212","TIMWE_RENEWED_NOTIF","63980","DELIVERED","3000","2025-10-01 19:10:05"
"2025-10-01","2975557","219212","TIMWE_RENEWED_NOTIF","63980","DELIVERED","3000","2025-10-01 19:10:05"
"2025-10-01","2975562","238791","TIMWE_RENEWED_NOTIF","63980","DELIVERED","3000","2025-10-01 19:11:01"
"2025-10-01","2975562","238791","TIMWE_RENEWED_NOTIF","63980","DELIVERED","3000","2025-10-01 19:11:01"
"2025-10-01","2975576","233276","TIMWE_RENEWED_NOTIF","63980","DELIVERED","3000","2025-10-01 19:13:56"
"2025-10-01","2975576","233276","TIMWE_RENEWED_NOTIF","63980","DELIVERED","3000","2025-10-01 19:13:56"
"2025-10-01","2975576","233276","TIMWE_RENEWED_NOTIF","63980","DELIVERED","3000","2025-10-01 19:13:56"
"2025-10-01","2975585","218323","TIMWE_RENEWED_NOTIF","63980","DELIVERED","3000","2025-10-01 19:15:03"
"2025-10-01","2975585","218323","TIMWE_RENEWED_NOTIF","63980","DELIVERED","3000","2025-10-01 19:15:03"
"2025-10-01","2975587","226627","TIMWE_RENEWED_NOTIF","63980","DELIVERED","3000","2025-10-01 19:15:59"
"2025-10-01","2975587","226627","TIMWE_RENEWED_NOTIF","63980","DELIVERED","3000","2025-10-01 19:15:59"
"2025-10-01","2975587","226627","TIMWE_RENEWED_NOTIF","63980","DELIVERED","3000","2025-10-01 19:15:59"
"2025-10-01","2975594","213440","TIMWE_RENEWED_NOTIF","63980","DELIVERED","3000","2025-10-01 19:17:09"
"2025-10-01","2975594","213440","TIMWE_RENEWED_NOTIF","63980","DELIVERED","3000","2025-10-01 19:17:09"
"2025-10-01","2975604","222221","TIMWE_RENEWED_NOTIF","63980","DELIVERED","3000","2025-10-01 19:18:40"
"2025-10-01","2975604","222221","TIMWE_RENEWED_NOTIF","63980","DELIVERED","3000","2025-10-01 19:18:40"
"2025-10-01","2975616","228900","TIMWE_RENEWED_NOTIF","63980","DELIVERED","3000","2025-10-01 19:23:40"
"2025-10-01","2975616","228900","TIMWE_RENEWED_NOTIF","63980","DELIVERED","3000","2025-10-01 19:23:40"
"2025-10-01","2975618","231256","TIMWE_RENEWED_NOTIF","63980","DELIVERED","3000","2025-10-01 19:24:08"
"2025-10-01","2975618","231256","TIMWE_RENEWED_NOTIF","63980","DELIVERED","3000","2025-10-01 19:24:08"
"2025-10-01","2975623","228257","TIMWE_RENEWED_NOTIF","63980","DELIVERED","3000","2025-10-01 19:25:07"
"2025-10-01","2975623","228257","TIMWE_RENEWED_NOTIF","63980","DELIVERED","3000","2025-10-01 19:25:07"
"2025-10-01","2975625","208277","TIMWE_RENEWED_NOTIF","63980","DELIVERED","3000","2025-10-01 19:25:46"
"2025-10-01","2975625","208277","TIMWE_RENEWED_NOTIF","63980","DELIVERED","3000","2025-10-01 19:25:46"
"2025-10-01","2975645","237691","TIMWE_RENEWED_NOTIF","63980","DELIVERED","3000","2025-10-01 19:28:04"
"2025-10-01","2975645","237691","TIMWE_RENEWED_NOTIF","63980","DELIVERED","3000","2025-10-01 19:28:04"
"2025-10-01","2975653","203392","TIMWE_RENEWED_NOTIF","63980","DELIVERED","3000","2025-10-01 19:28:13"
"2025-10-01","2975653","203392","TIMWE_RENEWED_NOTIF","63980","DELIVERED","3000","2025-10-01 19:28:13"
"2025-10-01","2975658","223229","TIMWE_RENEWED_NOTIF","63980","DELIVERED","3000","2025-10-01 19:33:45"
"2025-10-01","2975658","223229","TIMWE_RENEWED_NOTIF","63980","DELIVERED","3000","2025-10-01 19:33:45"
"2025-10-01","2975658","223229","TIMWE_RENEWED_NOTIF","63980","DELIVERED","3000","2025-10-01 19:33:45"
"2025-10-01","2975658","223229","TIMWE_RENEWED_NOTIF","63980","DELIVERED","3000","2025-10-01 19:33:45"
"2025-10-01","2975660","230605","TIMWE_RENEWED_NOTIF","63980","DELIVERED","3000","2025-10-01 19:34:48"
"2025-10-01","2975660","230605","TIMWE_RENEWED_NOTIF","63980","DELIVERED","3000","2025-10-01 19:34:48"
"2025-10-01","2975694","227557","TIMWE_RENEWED_NOTIF","63980","DELIVERED","3000","2025-10-01 19:45:20"
"2025-10-01","2975694","227557","TIMWE_RENEWED_NOTIF","63980","DELIVERED","3000","2025-10-01 19:45:20"
"2025-10-01","2975704","209212","TIMWE_RENEWED_NOTIF","63980","DELIVERED","3000","2025-10-01 19:46:56"
"2025-10-01","2975704","209212","TIMWE_RENEWED_NOTIF","63980","DELIVERED","3000","2025-10-01 19:46:56"
"2025-10-01","2975719","222745","TIMWE_RENEWED_NOTIF","63980","DELIVERED","3000","2025-10-01 19:49:01"
"2025-10-01","2975719","222745","TIMWE_RENEWED_NOTIF","63980","DELIVERED","3000","2025-10-01 19:49:01"
"2025-10-01","2975719","222745","TIMWE_RENEWED_NOTIF","63980","DELIVERED","3000","2025-10-01 19:49:01"
"2025-10-01","2975724","221898","TIMWE_RENEWED_NOTIF","63980","DELIVERED","3000","2025-10-01 19:50:51"
"2025-10-01","2975724","221898","TIMWE_RENEWED_NOTIF","63980","DELIVERED","3000","2025-10-01 19:50:51"
"2025-10-01","2975724","221898","TIMWE_RENEWED_NOTIF","63980","DELIVERED","3000","2025-10-01 19:50:51"
"2025-10-01","2975724","221898","TIMWE_RENEWED_NOTIF","63980","DELIVERED","3000","2025-10-01 19:50:51"
"2025-10-01","2975729","178873","TIMWE_RENEWED_NOTIF","63980","DELIVERED","3000","2025-10-01 19:51:53"
"2025-10-01","2975729","178873","TIMWE_RENEWED_NOTIF","63980","DELIVERED","3000","2025-10-01 19:51:53"
"2025-10-01","2975729","178873","TIMWE_RENEWED_NOTIF","63980","DELIVERED","3000","2025-10-01 19:51:53"
"2025-10-01","2975729","178873","TIMWE_RENEWED_NOTIF","63980","DELIVERED","3000","2025-10-01 19:51:53"
"2025-10-01","2975742","222087","TIMWE_RENEWED_NOTIF","63980","DELIVERED","3000","2025-10-01 19:54:06"
"2025-10-01","2975742","222087","TIMWE_RENEWED_NOTIF","63980","DELIVERED","3000","2025-10-01 19:54:06"
"2025-10-01","2975742","222087","TIMWE_RENEWED_NOTIF","63980","DELIVERED","3000","2025-10-01 19:54:06"
"2025-10-01","2975744","211229","TIMWE_RENEWED_NOTIF","63980","DELIVERED","3000","2025-10-01 19:54:18"
"2025-10-01","2975744","211229","TIMWE_RENEWED_NOTIF","63980","DELIVERED","3000","2025-10-01 19:54:18"
"2025-10-01","2975750","213262","TIMWE_RENEWED_NOTIF","63980","DELIVERED","3000","2025-10-01 19:57:41"
"2025-10-01","2975750","213262","TIMWE_RENEWED_NOTIF","63980","DELIVERED","3000","2025-10-01 19:57:41"
"2025-10-01","2975750","213262","TIMWE_RENEWED_NOTIF","63980","DELIVERED","3000","2025-10-01 19:57:41"
"2025-10-01","2975750","213262","TIMWE_RENEWED_NOTIF","63980","DELIVERED","3000","2025-10-01 19:57:41"
"2025-10-01","2975750","213262","TIMWE_RENEWED_NOTIF","63980","DELIVERED","3000","2025-10-01 19:57:41"
"2025-10-01","2975758","237046","TIMWE_RENEWED_NOTIF","63980","DELIVERED","3000","2025-10-01 19:58:25"
"2025-10-01","2975758","237046","TIMWE_RENEWED_NOTIF","63980","DELIVERED","3000","2025-10-01 19:58:25"
"2025-10-01","2975758","237046","TIMWE_RENEWED_NOTIF","63980","DELIVERED","3000","2025-10-01 19:58:25"
"2025-10-01","2975844","209015","TIMWE_RENEWED_NOTIF","63980","DELIVERED","3000","2025-10-01 20:15:31"
"2025-10-01","2975844","209015","TIMWE_RENEWED_NOTIF","63980","DELIVERED","3000","2025-10-01 20:15:31"
"2025-10-01","2975844","209015","TIMWE_RENEWED_NOTIF","63980","DELIVERED","3000","2025-10-01 20:15:31"
"2025-10-01","2975844","209015","TIMWE_RENEWED_NOTIF","63980","DELIVERED","3000","2025-10-01 20:15:31"
"2025-10-01","2975844","209015","TIMWE_RENEWED_NOTIF","63980","DELIVERED","3000","2025-10-01 20:15:31"
"2025-10-01","2975861","208760","TIMWE_RENEWED_NOTIF","63980","DELIVERED","3000","2025-10-01 20:17:04"
"2025-10-01","2975861","208760","TIMWE_RENEWED_NOTIF","63980","DELIVERED","3000","2025-10-01 20:17:04"
"2025-10-01","2975861","208760","TIMWE_RENEWED_NOTIF","63980","DELIVERED","3000","2025-10-01 20:17:04"
"2025-10-01","2975861","208760","TIMWE_RENEWED_NOTIF","63980","DELIVERED","3000","2025-10-01 20:17:04"
"2025-10-01","2975861","208760","TIMWE_RENEWED_NOTIF","63980","DELIVERED","3000","2025-10-01 20:17:04"
"2025-10-01","2976002","215019","TIMWE_RENEWED_NOTIF","63980","DELIVERED","3000","2025-10-01 20:44:46"
"2025-10-01","2976002","215019","TIMWE_RENEWED_NOTIF","63980","DELIVERED","3000","2025-10-01 20:44:46"
"2025-10-01","2976009","222460","TIMWE_RENEWED_NOTIF","63980","DELIVERED","3000","2025-10-01 20:45:51"
"2025-10-01","2976009","222460","TIMWE_RENEWED_NOTIF","63980","DELIVERED","3000","2025-10-01 20:45:51"
"2025-10-01","2976009","222460","TIMWE_RENEWED_NOTIF","63980","DELIVERED","3000","2025-10-01 20:45:51"
"2025-10-01","2976009","222460","TIMWE_RENEWED_NOTIF","63980","DELIVERED","3000","2025-10-01 20:45:51"
"2025-10-01","2976009","222460","TIMWE_RENEWED_NOTIF","63980","DELIVERED","3000","2025-10-01 20:45:51"
"2025-10-01","2976023","219041","TIMWE_RENEWED_NOTIF","63980","DELIVERED","3000","2025-10-01 20:47:36"
"2025-10-01","2976023","219041","TIMWE_RENEWED_NOTIF","63980","DELIVERED","3000","2025-10-01 20:47:36"
"2025-10-01","2976062","220306","TIMWE_RENEWED_NOTIF","63980","DELIVERED","3000","2025-10-01 20:54:04"
"2025-10-01","2976062","220306","TIMWE_RENEWED_NOTIF","63980","DELIVERED","3000","2025-10-01 20:54:04"
"2025-10-01","2976062","220306","TIMWE_RENEWED_NOTIF","63980","DELIVERED","3000","2025-10-01 20:54:04"
"2025-10-01","2976898","220970","TIMWE_RENEWED_NOTIF","63980","DELIVERED","3000","2025-10-01 22:40:08"
"2025-10-01","2976898","220970","TIMWE_RENEWED_NOTIF","63980","DELIVERED","3000","2025-10-01 22:40:08"
"2025-10-01","2977675","227008","TIMWE_RENEWED_NOTIF","63980","DELIVERED","3000","2025-10-01 22:47:48"
"2025-10-01","2977675","227008","TIMWE_RENEWED_NOTIF","63980","DELIVERED","3000","2025-10-01 22:47:48"
"2025-10-01","2977800","217987","TIMWE_RENEWED_NOTIF","63980","DELIVERED","3000","2025-10-01 22:48:53"
"2025-10-01","2977800","217987","TIMWE_RENEWED_NOTIF","63980","DELIVERED","3000","2025-10-01 22:48:53"
"2025-10-01","2977800","217987","TIMWE_RENEWED_NOTIF","63980","DELIVERED","3000","2025-10-01 22:48:53"
"2025-10-01","2977800","217987","TIMWE_RENEWED_NOTIF","63980","DELIVERED","3000","2025-10-01 22:48:53"
"2025-10-01","2978409","206401","TIMWE_RENEWED_NOTIF","63980","DELIVERED","3000","2025-10-01 22:54:50"
"2025-10-01","2978409","206401","TIMWE_RENEWED_NOTIF","63980","DELIVERED","3000","2025-10-01 22:54:50"
"2025-10-01","2978409","206401","TIMWE_RENEWED_NOTIF","63980","DELIVERED","3000","2025-10-01 22:54:50"
"2025-10-01","2978761","206816","TIMWE_RENEWED_NOTIF","63980","DELIVERED","3000","2025-10-01 22:57:55"
"2025-10-01","2978761","206816","TIMWE_RENEWED_NOTIF","63980","DELIVERED","3000","2025-10-01 22:57:55"
"2025-10-01","2978761","206816","TIMWE_RENEWED_NOTIF","63980","DELIVERED","3000","2025-10-01 22:57:55"
"2025-10-01","2978761","206816","TIMWE_RENEWED_NOTIF","63980","DELIVERED","3000","2025-10-01 22:57:55"
"2025-10-01","2978965","237750","TIMWE_RENEWED_NOTIF","63980","DELIVERED","3000","2025-10-01 22:59:56"
"2025-10-01","2978965","237750","TIMWE_RENEWED_NOTIF","63980","DELIVERED","3000","2025-10-01 22:59:56"
"2025-10-01","2978993","238523","TIMWE_RENEWED_NOTIF","63980","DELIVERED","3000","2025-10-01 23:00:10"
"2025-10-01","2978993","238523","TIMWE_RENEWED_NOTIF","63980","DELIVERED","3000","2025-10-01 23:00:10"
"2025-10-01","2980248","209679","TIMWE_RENEWED_NOTIF","63980","DELIVERED","3000","2025-10-01 23:11:57"
"2025-10-01","2980248","209679","TIMWE_RENEWED_NOTIF","63980","DELIVERED","3000","2025-10-01 23:11:57"
"2025-10-01","2981138","216804","TIMWE_RENEWED_NOTIF","63980","DELIVERED","3000","2025-10-01 23:19:59"
"2025-10-01","2981138","216804","TIMWE_RENEWED_NOTIF","63980","DELIVERED","3000","2025-10-01 23:19:59"
"2025-10-01","2981223","216768","TIMWE_RENEWED_NOTIF","63980","DELIVERED","3000","2025-10-01 23:21:00"
"2025-10-01","2981223","216768","TIMWE_RENEWED_NOTIF","63980","DELIVERED","3000","2025-10-01 23:21:00"
"2025-10-01","2981947","208901","TIMWE_RENEWED_NOTIF","63980","DELIVERED","3000","2025-10-01 23:27:55"
"2025-10-01","2981947","208901","TIMWE_RENEWED_NOTIF","63980","DELIVERED","3000","2025-10-01 23:27:55"
"2025-10-01","2982380","225899","TIMWE_RENEWED_NOTIF","63980","DELIVERED","3000","2025-10-01 23:31:58"
"2025-10-01","2982380","225899","TIMWE_RENEWED_NOTIF","63980","DELIVERED","3000","2025-10-01 23:31:58"
"2025-10-01","2982711","207695","TIMWE_RENEWED_NOTIF","63980","DELIVERED","3000","2025-10-01 23:35:01"
"2025-10-01","2982711","207695","TIMWE_RENEWED_NOTIF","63980","DELIVERED","3000","2025-10-01 23:35:01"
"2025-10-01","2983175","187266","TIMWE_RENEWED_NOTIF","63980","DELIVERED","3000","2025-10-01 23:39:51"
"2025-10-01","2983175","187266","TIMWE_RENEWED_NOTIF","63980","DELIVERED","3000","2025-10-01 23:39:51"
"2025-10-01","2983175","187266","TIMWE_RENEWED_NOTIF","63980","DELIVERED","3000","2025-10-01 23:39:51"
"2025-10-01","2983230","227569","TIMWE_RENEWED_NOTIF","63980","DELIVERED","3000","2025-10-01 23:40:06"
"2025-10-01","2983230","227569","TIMWE_RENEWED_NOTIF","63980","DELIVERED","3000","2025-10-01 23:40:06"
"2025-10-01","2983230","227569","TIMWE_RENEWED_NOTIF","63980","DELIVERED","3000","2025-10-01 23:40:06"
"2025-10-01","2983230","227569","TIMWE_RENEWED_NOTIF","63980","DELIVERED","3000","2025-10-01 23:40:06"
"2025-10-01","2983230","227569","TIMWE_RENEWED_NOTIF","63980","DELIVERED","3000","2025-10-01 23:40:06"
"2025-10-01","2983554","208452","TIMWE_RENEWED_NOTIF","63980","DELIVERED","3000","2025-10-01 23:43:13"
"2025-10-01","2983554","208452","TIMWE_RENEWED_NOTIF","63980","DELIVERED","3000","2025-10-01 23:43:13"
"2025-10-01","2983554","208452","TIMWE_RENEWED_NOTIF","63980","DELIVERED","3000","2025-10-01 23:43:13"
"2025-10-01","2983554","208452","TIMWE_RENEWED_NOTIF","63980","DELIVERED","3000","2025-10-01 23:43:13"
"2025-10-01","2983554","208452","TIMWE_RENEWED_NOTIF","63980","DELIVERED","3000","2025-10-01 23:43:13"
"2025-10-01","2983941","222600","TIMWE_RENEWED_NOTIF","63980","DELIVERED","3000","2025-10-01 23:46:57"
"2025-10-01","2983941","222600","TIMWE_RENEWED_NOTIF","63980","DELIVERED","3000","2025-10-01 23:46:57"
"2025-10-01","2983941","222600","TIMWE_RENEWED_NOTIF","63980","DELIVERED","3000","2025-10-01 23:46:57"
"2025-10-01","2983941","222600","TIMWE_RENEWED_NOTIF","63980","DELIVERED","3000","2025-10-01 23:46:57"
"2025-10-01","2984119","227991","TIMWE_RENEWED_NOTIF","63980","DELIVERED","3000","2025-10-01 23:48:14"
"2025-10-01","2984119","227991","TIMWE_RENEWED_NOTIF","63980","DELIVERED","3000","2025-10-01 23:48:14"
"2025-10-01","2984229","239018","TIMWE_RENEWED_NOTIF","63980","DELIVERED","3000","2025-10-01 23:49:46"
"2025-10-01","2984229","239018","TIMWE_RENEWED_NOTIF","63980","DELIVERED","3000","2025-10-01 23:49:46"
